"","state","parameter","pollution","Max","Year"
"1","Alabama","Ozone",0.0478325,0.108,2010
"2","Alabama","PM10 Total 0-10um STP",24.3908096956522,644,2010
"3","Alaska","Ozone",0.0287365,0.06,2010
"4","Alaska","PM10 Total 0-10um STP",15.8008689565217,463,2010
"5","Arizona","Nitrogen dioxide (NO2)",23.7195104375,79,2010
"6","Arizona","Ozone",0.0505781630434783,0.112,2010
"7","Arizona","PM10 Total 0-10um STP",32.2311959059829,4829,2010
"8","Arkansas","Nitrogen dioxide (NO2)",16.987532,80,2010
"9","Arkansas","Ozone",0.0471599642857143,0.109,2010
"10","Arkansas","PM10 Total 0-10um STP",21.2449166666667,40,2010
"11","California","Nitrogen dioxide (NO2)",16.5614204858491,140.5,2010
"12","California","Ozone",0.0439877124352332,0.15,2010
"13","California","PM10 Total 0-10um STP",23.7530861564885,4570,2010
"14","Colorado","Nitrogen dioxide (NO2)",12.7728825,85,2010
"15","Colorado","Ozone",0.05369426171875,0.104,2010
"16","Colorado","PM10 Total 0-10um STP",22.500079109375,770,2010
"17","Connecticut","Nitrogen dioxide (NO2)",13.1995024,72,2010
"18","Connecticut","Ozone",0.0489535681818182,0.123,2010
"19","Connecticut","PM10 Total 0-10um STP",13.6469164444444,56,2010
"20","Delaware","Nitrogen dioxide (NO2)",19.5088375,67,2010
"21","Delaware","Ozone",0.0516085,0.11,2010
"22","District Of Columbia","Nitrogen dioxide (NO2)",23.0927276666667,92,2010
"23","District Of Columbia","Ozone",0.0514155,0.113,2010
"24","District Of Columbia","PM10 Total 0-10um STP",22.478521,91,2010
"25","Florida","Nitrogen dioxide (NO2)",11.1303846363636,65,2010
"26","Florida","Ozone",0.0412714078947368,0.105,2010
"27","Florida","PM10 Total 0-10um STP",17.7586039555556,497,2010
"28","Georgia","Nitrogen dioxide (NO2)",10.8557715,77,2010
"29","Georgia","Ozone",0.048346425,0.117,2010
"30","Georgia","PM10 Total 0-10um STP",19.6575494,77,2010
"31","Hawaii","Nitrogen dioxide (NO2)",5.068378,33,2010
"32","Hawaii","Ozone",0.02672675,0.055,2010
"33","Hawaii","PM10 Total 0-10um STP",15.1320686666667,92,2010
"34","Idaho","Nitrogen dioxide (NO2)",11.5588033333333,55,2010
"35","Idaho","Ozone",0.04768385,0.088,2010
"36","Idaho","PM10 Total 0-10um STP",16.3711000625,1310,2010
"37","Illinois","Nitrogen dioxide (NO2)",22.652105125,85,2010
"38","Illinois","Ozone",0.0453732,0.115,2010
"39","Illinois","PM10 Total 0-10um STP",23.440724,338,2010
"40","Indiana","Nitrogen dioxide (NO2)",18.106684,64.3,2010
"41","Indiana","Ozone",0.047767619047619,0.108,2010
"42","Indiana","PM10 Total 0-10um STP",23.99433124,555,2010
"43","Iowa","Nitrogen dioxide (NO2)",13.42867825,62,2010
"44","Iowa","Ozone",0.04348575,0.083,2010
"45","Iowa","PM10 Total 0-10um STP",22.54110305,412,2010
"46","Kansas","Nitrogen dioxide (NO2)",10.59516,77,2010
"47","Kansas","Ozone",0.047910825,0.091,2010
"48","Kansas","PM10 Total 0-10um STP",22.2306810526316,384,2010
"49","Kentucky","Nitrogen dioxide (NO2)",12.4432414,72,2010
"50","Kentucky","Ozone",0.0496290982142857,0.117,2010
"51","Kentucky","PM10 Total 0-10um STP",20.3213130666667,259,2010
"52","Louisiana","Nitrogen dioxide (NO2)",11.7506903333333,81,2010
"53","Louisiana","Ozone",0.0435422307692308,0.127,2010
"54","Louisiana","PM10 Total 0-10um STP",23.5930986428571,822,2010
"55","Maine","Nitrogen dioxide (NO2)",9.5818125,53,2010
"56","Maine","Ozone",0.040251234375,0.119,2010
"57","Maine","PM10 Total 0-10um STP",15.1650768,360,2010
"58","Maryland","Nitrogen dioxide (NO2)",22.7618865,72,2010
"59","Maryland","Ozone",0.0519309264705882,0.129,2010
"60","Maryland","PM10 Total 0-10um STP",14.6583144,63,2010
"61","Massachusetts","Nitrogen dioxide (NO2)",14.049619625,64,2010
"62","Massachusetts","Ozone",0.0456531911764706,0.131,2010
"63","Massachusetts","PM10 Total 0-10um STP",13.3330467,50,2010
"64","Michigan","Nitrogen dioxide (NO2)",10.8161065,74,2010
"65","Michigan","Ozone",0.0466096944444444,0.105,2010
"66","Michigan","PM10 Total 0-10um STP",18.6643288888889,321,2010
"67","Minnesota","Nitrogen dioxide (NO2)",10.75819875,102,2010
"68","Minnesota","Ozone",0.039947890625,0.092,2010
"69","Minnesota","PM10 Total 0-10um STP",21.6517851538462,200,2010
"70","Mississippi","Nitrogen dioxide (NO2)",9.8261335,43,2010
"71","Mississippi","Ozone",0.0456853055555556,0.104,2010
"72","Mississippi","PM10 Total 0-10um STP",19.069767,54,2010
"73","Missouri","Nitrogen dioxide (NO2)",13.3111857777778,87,2010
"74","Missouri","Ozone",0.04885176,0.104,2010
"75","Missouri","PM10 Total 0-10um STP",24.5165918571429,790,2010
"76","Montana","Nitrogen dioxide (NO2)",3.43171985714286,103,2010
"77","Montana","Ozone",0.0400585625,0.075,2010
"78","Montana","PM10 Total 0-10um STP",19.4984350789474,745,2010
"79","Nebraska","Ozone",0.036538125,0.078,2010
"80","Nebraska","PM10 Total 0-10um STP",26.8492285333333,1840,2010
"81","Nevada","Nitrogen dioxide (NO2)",19.3783331666667,81,2010
"82","Nevada","Ozone",0.0467692327586207,0.09,2010
"83","Nevada","PM10 Total 0-10um STP",18.5082504716981,1000,2010
"84","New Hampshire","Nitrogen dioxide (NO2)",5.64333666666667,63.7,2010
"85","New Hampshire","Ozone",0.0439368181818182,0.104,2010
"86","New Hampshire","PM10 Total 0-10um STP",11.6404591111111,35,2010
"87","New Jersey","Nitrogen dioxide (NO2)",20.1373597857143,108,2010
"88","New Jersey","Ozone",0.0490486428571429,0.126,2010
"89","New Jersey","PM10 Total 0-10um STP",24.2279648,86,2010
"90","New Mexico","Nitrogen dioxide (NO2)",13.23278745,81,2010
"91","New Mexico","Ozone",0.0457141,0.109,2010
"92","New Mexico","PM10 Total 0-10um STP",26.7002268630137,5357,2010
"93","New York","Nitrogen dioxide (NO2)",18.1678154444444,108,2010
"94","New York","Ozone",0.0439527432432432,0.129,2010
"95","North Carolina","Nitrogen dioxide (NO2)",17.13024,93,2010
"96","North Carolina","Ozone",0.0508302012195122,0.117,2010
"97","North Carolina","PM10 Total 0-10um STP",17.9800551764706,136,2010
"98","North Dakota","Nitrogen dioxide (NO2)",5.2820233,58,2010
"99","North Dakota","Ozone",0.04044396875,0.074,2010
"100","North Dakota","PM10 Total 0-10um STP",11.36672025,480,2010
"101","Ohio","Nitrogen dioxide (NO2)",15.006213875,78,2010
"102","Ohio","Ozone",0.049358585,0.113,2010
"103","Ohio","PM10 Total 0-10um STP",22.8090513559322,496,2010
"104","Oklahoma","Nitrogen dioxide (NO2)",11.4972916,58,2010
"105","Oklahoma","Ozone",0.0458954537037037,0.101,2010
"106","Oklahoma","PM10 Total 0-10um STP",19.6139844,801,2010
"107","Oregon","Nitrogen dioxide (NO2)",13.627505,40,2010
"108","Oregon","Ozone",0.036285525,0.112,2010
"109","Oregon","PM10 Total 0-10um STP",13.1006671764706,52,2010
"110","Pennsylvania","Nitrogen dioxide (NO2)",15.954371125,125.7,2010
"111","Pennsylvania","Ozone",0.0480653469387755,0.121,2010
"112","Pennsylvania","PM10 Total 0-10um STP",19.88060242,450,2010
"113","Rhode Island","Nitrogen dioxide (NO2)",7.744874,45,2010
"114","Rhode Island","Ozone",0.0479668333333333,0.099,2010
"115","Rhode Island","PM10 Total 0-10um STP",13.7725442,37,2010
"116","South Carolina","Nitrogen dioxide (NO2)",12.541397,58,2010
"117","South Carolina","Ozone",0.047666525,0.107,2010
"118","South Carolina","PM10 Total 0-10um STP",18.9728255238095,1321,2010
"119","South Dakota","Nitrogen dioxide (NO2)",4.5369886,68,2010
"120","South Dakota","Ozone",0.04259425,0.092,2010
"121","South Dakota","PM10 Total 0-10um STP",18.7058448,959,2010
"122","Tennessee","Nitrogen dioxide (NO2)",12.4935329,53.8,2010
"123","Tennessee","Ozone",0.0514828888888889,0.108,2010
"124","Tennessee","PM10 Total 0-10um STP",20.4296517428571,259,2010
"125","Texas","Nitrogen dioxide (NO2)",12.4437784489796,111.8,2010
"126","Texas","Ozone",0.0420262175324675,0.13,2010
"127","Texas","PM10 Total 0-10um STP",23.2504088679245,2648,2010
"128","Utah","Nitrogen dioxide (NO2)",16.201450125,82,2010
"129","Utah","Ozone",0.05405385,0.109,2010
"130","Utah","PM10 Total 0-10um STP",25.6664574090909,605,2010
"131","Vermont","Nitrogen dioxide (NO2)",12.637271,62.9,2010
"132","Vermont","Ozone",0.04256575,0.081,2010
"133","Vermont","PM10 Total 0-10um STP",10.497765,36,2010
"134","Alabama","Ozone",0.04676546,0.117,2011
"135","Alabama","PM10 Total 0-10um STP",21.68627456,551,2011
"136","Alaska","Ozone",0.0260458125,0.063,2011
"137","Alaska","PM10 Total 0-10um STP",14.473937,878,2011
"138","Arizona","Nitrogen dioxide (NO2)",24.625932875,72,2011
"139","Arizona","Ozone",0.0519834488636364,0.104,2011
"140","Arizona","PM10 Total 0-10um STP",37.6513556780488,6348,2011
"141","Arkansas","Nitrogen dioxide (NO2)",16.478375,66.4,2011
"142","Arkansas","Ozone",0.04721934375,0.105,2011
"143","Arkansas","PM10 Total 0-10um STP",21.433565,49,2011
"144","California","Nitrogen dioxide (NO2)",16.3150716960784,130,2011
"145","California","Ozone",0.0444194030898876,0.16,2011
"146","California","PM10 Total 0-10um STP",25.09756529,13380,2011
"147","Colorado","Nitrogen dioxide (NO2)",11.5770295,94,2011
"148","Colorado","Ozone",0.0559969601449275,0.115,2011
"149","Colorado","PM10 Total 0-10um STP",23.0074048888889,635,2011
"150","Connecticut","Nitrogen dioxide (NO2)",15.514781125,71,2011
"151","Connecticut","Ozone",0.0467017291666667,0.137,2011
"152","Connecticut","PM10 Total 0-10um STP",15.043565625,55,2011
"153","Delaware","Nitrogen dioxide (NO2)",17.3680125,53,2011
"154","Delaware","Ozone",0.0470092857142857,0.113,2011
"155","District Of Columbia","Nitrogen dioxide (NO2)",22.4314125,72,2011
"156","District Of Columbia","Ozone",0.047319125,0.107,2011
"157","District Of Columbia","PM10 Total 0-10um STP",18.0163935,52,2011
"158","Florida","Nitrogen dioxide (NO2)",9.6770625,64,2011
"159","Florida","Ozone",0.0416867838983051,0.108,2011
"160","Florida","PM10 Total 0-10um STP",17.2220785238095,499,2011
"161","Georgia","Nitrogen dioxide (NO2)",10.839715,68,2011
"162","Georgia","Ozone",0.0492458333333333,0.112,2011
"163","Georgia","PM10 Total 0-10um STP",18.65687,202,2011
"164","Hawaii","Nitrogen dioxide (NO2)",5.7947575,38.9,2011
"165","Hawaii","Ozone",0.029147625,0.064,2011
"166","Hawaii","PM10 Total 0-10um STP",16.5206872083333,735,2011
"167","Idaho","Nitrogen dioxide (NO2)",14.6672435,35.7,2011
"168","Idaho","Ozone",0.05007305,0.087,2011
"169","Idaho","PM10 Total 0-10um STP",18.730990047619,802,2011
"170","Illinois","Nitrogen dioxide (NO2)",21.6659093125,89,2011
"171","Illinois","Ozone",0.0448418175675676,0.139,2011
"172","Illinois","PM10 Total 0-10um STP",24.731237125,310,2011
"173","Indiana","Nitrogen dioxide (NO2)",15.468736375,59.5,2011
"174","Indiana","Ozone",0.0470115872093023,0.114,2011
"175","Indiana","PM10 Total 0-10um STP",22.694705875,549,2011
"176","Iowa","Nitrogen dioxide (NO2)",12.3887135,46.3,2011
"177","Iowa","Ozone",0.0429061333333333,0.09,2011
"178","Iowa","PM10 Total 0-10um STP",21.7022561764706,149,2011
"179","Kansas","Nitrogen dioxide (NO2)",12.48386025,87.5,2011
"180","Kansas","Ozone",0.05189224,0.113,2011
"181","Kansas","PM10 Total 0-10um STP",22.4615372666667,487,2011
"182","Kentucky","Nitrogen dioxide (NO2)",10.7311006,50,2011
"183","Kentucky","Ozone",0.0474264112903226,0.125,2011
"184","Kentucky","PM10 Total 0-10um STP",18.7329764285714,451,2011
"185","Louisiana","Nitrogen dioxide (NO2)",12.005019,72.2,2011
"186","Louisiana","Ozone",0.04310875,0.138,2011
"187","Louisiana","PM10 Total 0-10um STP",24.1561561666667,509,2011
"188","Maine","Nitrogen dioxide (NO2)",9.14387,49,2011
"189","Maine","Ozone",0.0371277205882353,0.103,2011
"190","Maine","PM10 Total 0-10um STP",14.6006692,347,2011
"191","Maryland","Nitrogen dioxide (NO2)",22.310104,58,2011
"192","Maryland","Ozone",0.0489470131578947,0.131,2011
"193","Maryland","PM10 Total 0-10um STP",12.9574826,39,2011
"194","Massachusetts","Nitrogen dioxide (NO2)",15.61199675,80.5,2011
"195","Massachusetts","Ozone",0.0427159705882353,0.129,2011
"196","Massachusetts","PM10 Total 0-10um STP",14.0531123,43,2011
"197","Michigan","Nitrogen dioxide (NO2)",15.8063864,67,2011
"198","Michigan","Ozone",0.0448910166666667,0.128,2011
"199","Michigan","PM10 Total 0-10um STP",18.2729543333333,200,2011
"200","Minnesota","Nitrogen dioxide (NO2)",11.8532361666667,54,2011
"201","Minnesota","Ozone",0.039531234375,0.099,2011
"202","Minnesota","PM10 Total 0-10um STP",25.3946592857143,294,2011
"203","Mississippi","Nitrogen dioxide (NO2)",8.8699805,42.3,2011
"204","Mississippi","Ozone",0.0464294090909091,0.105,2011
"205","Mississippi","PM10 Total 0-10um STP",17.918938,37,2011
"206","Missouri","Nitrogen dioxide (NO2)",20.849961,68.9,2011
"207","Missouri","Ozone",0.04993812,0.119,2011
"208","Missouri","PM10 Total 0-10um STP",24.68269195,1906,2011
"209","Montana","Nitrogen dioxide (NO2)",3.57701685714286,360,2011
"210","Montana","Ozone",0.0422917,0.082,2011
"211","Montana","PM10 Total 0-10um STP",20.5863384153846,989,2011
"212","Nebraska","Ozone",0.039857,0.094,2011
"213","Nebraska","PM10 Total 0-10um STP",27.6616660769231,943,2011
"214","Nevada","Nitrogen dioxide (NO2)",19.3344856666667,71.1,2011
"215","Nevada","Ozone",0.0484232905405405,0.108,2011
"216","Nevada","PM10 Total 0-10um STP",20.418117,1000,2011
"217","New Hampshire","Nitrogen dioxide (NO2)",3.384668,12.1,2011
"218","New Hampshire","Ozone",0.0404744791666667,0.108,2011
"219","New Hampshire","PM10 Total 0-10um STP",9.62004775,28,2011
"220","New Jersey","Nitrogen dioxide (NO2)",23.6463670714286,100,2011
"221","New Jersey","Ozone",0.045419453125,0.114,2011
"222","New Jersey","PM10 Total 0-10um STP",26.53105375,77,2011
"223","New Mexico","Nitrogen dioxide (NO2)",13.34748775,61.3,2011
"224","New Mexico","Ozone",0.0477484913793103,0.097,2011
"225","New Mexico","PM10 Total 0-10um STP",30.9994765,6200,2011
"226","New York","Nitrogen dioxide (NO2)",16.2856777142857,116,2011
"227","New York","Ozone",0.0409097567567568,0.139,2011
"228","North Carolina","Nitrogen dioxide (NO2)",14.826363,51,2011
"229","North Carolina","Ozone",0.0499754888888889,0.113,2011
"230","North Carolina","PM10 Total 0-10um STP",14.436317,68,2011
"231","North Dakota","Nitrogen dioxide (NO2)",4.82015955555556,229,2011
"232","North Dakota","Ozone",0.0404393125,0.327,2011
"233","North Dakota","PM10 Total 0-10um STP",12.3753555,473,2011
"234","Ohio","Nitrogen dioxide (NO2)",15.041178,56,2011
"235","Ohio","Ozone",0.0463577163461538,0.112,2011
"236","Ohio","PM10 Total 0-10um STP",19.7214723461538,486,2011
"237","Oklahoma","Nitrogen dioxide (NO2)",12.3819809,63,2011
"238","Oklahoma","Ozone",0.05203931,0.118,2011
"239","Oklahoma","PM10 Total 0-10um STP",23.9742385416667,632,2011
"240","Oregon","Nitrogen dioxide (NO2)",13.585496,38.7,2011
"241","Oregon","Ozone",0.03760425,0.096,2011
"242","Oregon","PM10 Total 0-10um STP",16.3368114285714,62,2011
"243","Pennsylvania","Nitrogen dioxide (NO2)",15.948117275,103,2011
"244","Pennsylvania","Ozone",0.04473621875,0.112,2011
"245","Pennsylvania","PM10 Total 0-10um STP",18.2464982307692,439,2011
"246","Rhode Island","Nitrogen dioxide (NO2)",9.08826816666667,63,2011
"247","Rhode Island","Ozone",0.0467630833333333,0.11,2011
"248","Rhode Island","PM10 Total 0-10um STP",12.976317,38,2011
"249","South Carolina","Nitrogen dioxide (NO2)",10.2148165,50,2011
"250","South Carolina","Ozone",0.04803495,0.105,2011
"251","South Carolina","PM10 Total 0-10um STP",20.7130305,977,2011
"252","South Dakota","Nitrogen dioxide (NO2)",7.0033319,58.5,2011
"253","South Dakota","Ozone",0.0431439166666667,0.08,2011
"254","South Dakota","PM10 Total 0-10um STP",17.9833856,653,2011
"255","Tennessee","Nitrogen dioxide (NO2)",14.796246625,65.1,2011
"256","Tennessee","Ozone",0.0497941666666667,0.111,2011
"257","Tennessee","PM10 Total 0-10um STP",19.0887424516129,273,2011
"258","Texas","Nitrogen dioxide (NO2)",11.9280976956522,73.5,2011
"259","Texas","Ozone",0.0456652525510204,0.14,2011
"260","Texas","PM10 Total 0-10um STP",26.9473843392857,1506,2011
"261","Utah","Nitrogen dioxide (NO2)",10.46466359375,92,2011
"262","Utah","Ozone",0.0553178586956522,0.135,2011
"263","Utah","PM10 Total 0-10um STP",21.0609172,130,2011
"264","Vermont","Nitrogen dioxide (NO2)",12.68290175,54.8,2011
"265","Vermont","Ozone",0.039083625,0.097,2011
"266","Vermont","PM10 Total 0-10um STP",10.1326995,37,2011
"267","Alabama","Ozone",0.045598375,0.113,2012
"268","Alabama","PM10 Total 0-10um STP",18.4687434210526,277,2012
"269","Alaska","Ozone",0.0307264375,0.058,2012
"270","Alaska","PM10 Total 0-10um STP",15.3886342068966,661,2012
"271","Arizona","Nitrogen dioxide (NO2)",25.7368374285714,87,2012
"272","Arizona","Ozone",0.0521466136363636,0.106,2012
"273","Arizona","PM10 Total 0-10um STP",39.4334734017467,12276,2012
"274","Arkansas","Nitrogen dioxide (NO2)",16.88873925,64.2,2012
"275","Arkansas","Ozone",0.0478513611111111,0.099,2012
"276","Arkansas","PM10 Total 0-10um STP",19.1910746666667,42,2012
"277","California","Nitrogen dioxide (NO2)",16.2803897714286,146,2012
"278","California","Ozone",0.045350439516129,0.147,2012
"279","California","PM10 Total 0-10um STP",25.3106924555985,3972,2012
"280","Colorado","Nitrogen dioxide (NO2)",11.0397796666667,85,2012
"281","Colorado","Ozone",0.0574938702531646,0.118,2012
"282","Colorado","PM10 Total 0-10um STP",22.5210341929825,689.5,2012
"283","Connecticut","Nitrogen dioxide (NO2)",12.849962,51,2012
"284","Connecticut","Ozone",0.0494892307692308,0.134,2012
"285","Connecticut","PM10 Total 0-10um STP",12.7517348,54,2012
"286","Delaware","Nitrogen dioxide (NO2)",10.76735025,56.5,2012
"287","Delaware","Ozone",0.0480121071428571,0.121,2012
"288","District Of Columbia","Nitrogen dioxide (NO2)",21.91966175,69.4,2012
"289","District Of Columbia","Ozone",0.050365625,0.109,2012
"290","District Of Columbia","PM10 Total 0-10um STP",16.9948635,40,2012
"291","Florida","Nitrogen dioxide (NO2)",9.90869155555555,76,2012
"292","Florida","Ozone",0.0389040127118644,0.11,2012
"293","Florida","PM10 Total 0-10um STP",17.5900818,502,2012
"294","Georgia","Nitrogen dioxide (NO2)",9.75200133333333,70.1,2012
"295","Georgia","Ozone",0.0455900952380952,0.146,2012
"296","Georgia","PM10 Total 0-10um STP",17.2904690588235,239,2012
"297","Hawaii","Nitrogen dioxide (NO2)",5.82975075,42.3,2012
"298","Hawaii","Ozone",0.027472,0.052,2012
"299","Hawaii","PM10 Total 0-10um STP",15.5042054444444,211,2012
"300","Idaho","Nitrogen dioxide (NO2)",18.55305725,49.8,2012
"301","Idaho","Ozone",0.0512279166666667,0.103,2012
"302","Idaho","PM10 Total 0-10um STP",22.8533012413793,2649,2012
"303","Illinois","Nitrogen dioxide (NO2)",21.9010051428571,88,2012
"304","Illinois","Ozone",0.0488297027027027,0.138,2012
"305","Illinois","PM10 Total 0-10um STP",26.9133678333333,337,2012
"306","Indiana","Nitrogen dioxide (NO2)",15.268239125,52.3,2012
"307","Indiana","Ozone",0.0506452325581395,0.14,2012
"308","Indiana","PM10 Total 0-10um STP",22.370431826087,804,2012
"309","Iowa","Nitrogen dioxide (NO2)",9.452659,50.1,2012
"310","Iowa","Ozone",0.0477762833333333,0.088,2012
"311","Iowa","PM10 Total 0-10um STP",23.0045579444444,141,2012
"312","Kansas","Nitrogen dioxide (NO2)",11.991683375,100.6,2012
"313","Kansas","Ozone",0.052637025,0.12,2012
"314","Kansas","PM10 Total 0-10um STP",23.40412385,503,2012
"315","Kentucky","Nitrogen dioxide (NO2)",10.8578228,51,2012
"316","Kentucky","Ozone",0.0493784838709677,0.125,2012
"317","Kentucky","PM10 Total 0-10um STP",18.8999923571429,266,2012
"318","Louisiana","Nitrogen dioxide (NO2)",11.6196245,67,2012
"319","Louisiana","Ozone",0.042239,0.105,2012
"320","Louisiana","PM10 Total 0-10um STP",21.93123775,329,2012
"321","Maine","Nitrogen dioxide (NO2)",8.50256533333333,49,2012
"322","Maine","Ozone",0.0388529583333333,0.108,2012
"323","Maine","PM10 Total 0-10um STP",16.2599615555556,491,2012
"324","Maryland","Nitrogen dioxide (NO2)",18.4105113333333,63,2012
"325","Maryland","Ozone",0.050934075,0.13,2012
"326","Maryland","PM10 Total 0-10um STP",13.2220176,33,2012
"327","Massachusetts","Nitrogen dioxide (NO2)",13.414464875,77,2012
"328","Massachusetts","Ozone",0.0451356617647059,0.127,2012
"329","Massachusetts","PM10 Total 0-10um STP",13.8802464,72,2012
"330","Michigan","Nitrogen dioxide (NO2)",15.0303387,78,2012
"331","Michigan","Ozone",0.0504307583333333,0.149,2012
"332","Michigan","PM10 Total 0-10um STP",25.6471286818182,985,2012
"333","Minnesota","Nitrogen dioxide (NO2)",9.60021975,87,2012
"334","Minnesota","Ozone",0.0420244047619048,0.112,2012
"335","Minnesota","PM10 Total 0-10um STP",19.2657117727273,337,2012
"336","Mississippi","Nitrogen dioxide (NO2)",7.988812,36.7,2012
"337","Mississippi","Ozone",0.045420225,0.103,2012
"338","Mississippi","PM10 Total 0-10um STP",17.37747,47,2012
"339","Missouri","Nitrogen dioxide (NO2)",21.165905,79.3,2012
"340","Missouri","Ozone",0.0521592826086957,0.131,2012
"341","Missouri","PM10 Total 0-10um STP",26.212707,1015,2012
"342","Montana","Nitrogen dioxide (NO2)",2.69491983333333,335,2012
"343","Montana","Ozone",0.0417857857142857,0.078,2012
"344","Montana","PM10 Total 0-10um STP",20.9039145423729,902,2012
"345","Nebraska","Ozone",0.04591165,0.098,2012
"346","Nebraska","PM10 Total 0-10um STP",31.7462295384615,1648,2012
"347","Nevada","Nitrogen dioxide (NO2)",20.7151705,67.8,2012
"348","Nevada","Ozone",0.0494983878787879,0.105,2012
"349","Nevada","PM10 Total 0-10um STP",27.9749814383562,1297,2012
"350","New Hampshire","Nitrogen dioxide (NO2)",2.65207,11.4,2012
"351","New Hampshire","Ozone",0.0428001041666667,0.112,2012
"352","New Hampshire","PM10 Total 0-10um STP",10.60442375,36,2012
"353","New Jersey","Nitrogen dioxide (NO2)",20.5237521875,90,2012
"354","New Jersey","Ozone",0.0469968970588235,0.112,2012
"355","New Jersey","PM10 Total 0-10um STP",29.4247943333333,87,2012
"356","New Mexico","Nitrogen dioxide (NO2)",12.6726506,70,2012
"357","New Mexico","Ozone",0.04866898,0.092,2012
"358","New Mexico","PM10 Total 0-10um STP",30.8566173768116,10154,2012
"359","New York","Nitrogen dioxide (NO2)",18.8040249166667,74,2012
"360","New York","Ozone",0.0421478157894737,0.127,2012
"361","North Carolina","Nitrogen dioxide (NO2)",14.28743775,52,2012
"362","North Carolina","Ozone",0.0465120333333333,0.13,2012
"363","North Carolina","PM10 Total 0-10um STP",14.7952338125,102,2012
"364","North Dakota","Nitrogen dioxide (NO2)",5.34710755555556,50,2012
"365","North Dakota","Ozone",0.04461340625,0.079,2012
"366","North Dakota","PM10 Total 0-10um STP",15.262859,458,2012
"367","Ohio","Nitrogen dioxide (NO2)",19.294304,60,2012
"368","Ohio","Ozone",0.0504106176470588,0.119,2012
"369","Ohio","PM10 Total 0-10um STP",21.6636797,499,2012
"370","Oklahoma","Nitrogen dioxide (NO2)",11.8030787,127,2012
"371","Oklahoma","Ozone",0.0506929479166667,0.124,2012
"372","Oklahoma","PM10 Total 0-10um STP",23.0274185,868,2012
"373","Oregon","Nitrogen dioxide (NO2)",13.720114,59.2,2012
"374","Oregon","Ozone",0.04130575,0.095,2012
"375","Oregon","PM10 Total 0-10um STP",13.7246488,46,2012
"376","Pennsylvania","Nitrogen dioxide (NO2)",13.5514199047619,77,2012
"377","Pennsylvania","Ozone",0.0474383227272727,0.11,2012
"378","Pennsylvania","PM10 Total 0-10um STP",17.794592745098,267,2012
"379","Rhode Island","Nitrogen dioxide (NO2)",9.0114825,47.7,2012
"380","Rhode Island","Ozone",0.0481664166666667,0.116,2012
"381","Rhode Island","PM10 Total 0-10um STP",13.1337232,51,2012
"382","South Carolina","Nitrogen dioxide (NO2)",9.32060525,80,2012
"383","South Carolina","Ozone",0.0431521785714286,0.107,2012
"384","South Carolina","PM10 Total 0-10um STP",17.7266185,358,2012
"385","South Dakota","Nitrogen dioxide (NO2)",8.1822872,154,2012
"386","South Dakota","Ozone",0.0522195,0.18,2012
"387","South Dakota","PM10 Total 0-10um STP",20.3002531,811,2012
"388","Tennessee","Nitrogen dioxide (NO2)",13.758771875,62.2,2012
"389","Tennessee","Ozone",0.049789125,0.163,2012
"390","Tennessee","PM10 Total 0-10um STP",18.7908786296296,309,2012
"391","Texas","Nitrogen dioxide (NO2)",11.9404241276596,134.7,2012
"392","Texas","Ozone",0.0429622294117647,0.166,2012
"393","Texas","PM10 Total 0-10um STP",25.1213108846154,4739,2012
"394","Utah","Nitrogen dioxide (NO2)",12.6289243571429,88,2012
"395","Utah","Ozone",0.058403974137931,0.107,2012
"396","Utah","PM10 Total 0-10um STP",21.0135798947368,830,2012
"397","Vermont","Nitrogen dioxide (NO2)",11.0499115,40.6,2012
"398","Vermont","Ozone",0.043554875,0.081,2012
"399","Vermont","PM10 Total 0-10um STP",6.9196695,20,2012
"400","Alabama","Nitrogen dioxide (NO2)",17.602023,46.2,2013
"401","Alabama","Ozone",0.0409836739130435,0.092,2013
"402","Alabama","PM10 Total 0-10um STP",17.13254908,276,2013
"403","Alaska","Ozone",0.029926375,0.057,2013
"404","Alaska","PM10 Total 0-10um STP",14.9011525217391,596,2013
"405","Arizona","Nitrogen dioxide (NO2)",23.5401480714286,81,2013
"406","Arizona","Ozone",0.0512725277777778,0.106,2013
"407","Arizona","PM10 Total 0-10um STP",34.4925371143911,13304,2013
"408","Arkansas","Nitrogen dioxide (NO2)",15.18722375,52.5,2013
"409","Arkansas","Ozone",0.0433938055555556,0.088,2013
"410","Arkansas","PM10 Total 0-10um STP",18.4437,64,2013
"411","California","Nitrogen dioxide (NO2)",15.9778314757282,156.9,2013
"412","California","Ozone",0.0445222569832402,0.151,2013
"413","California","PM10 Total 0-10um STP",30.0579769383562,3284,2013
"414","Colorado","Nitrogen dioxide (NO2)",12.93542445,88,2013
"415","Colorado","Ozone",0.0554932007575758,0.12,2013
"416","Colorado","PM10 Total 0-10um STP",20.3581772542373,1220,2013
"417","Connecticut","Nitrogen dioxide (NO2)",15.0431376,76,2013
"418","Connecticut","Ozone",0.0488100416666667,0.135,2013
"419","Connecticut","PM10 Total 0-10um STP",12.6307132,45,2013
"420","Delaware","Nitrogen dioxide (NO2)",10.1326776666667,52.6,2013
"421","Delaware","Ozone",0.0441642857142857,0.103,2013
"422","District Of Columbia","Nitrogen dioxide (NO2)",18.3840003333333,72,2013
"423","District Of Columbia","Ozone",0.04613375,0.09,2013
"424","District Of Columbia","PM10 Total 0-10um STP",16.35758175,133,2013
"425","Florida","Nitrogen dioxide (NO2)",8.74549327777778,65,2013
"426","Florida","Ozone",0.0376688070175439,0.088,2013
"427","Florida","PM10 Total 0-10um STP",16.4872545,243,2013
"428","Georgia","Nitrogen dioxide (NO2)",8.5416295,55.9,2013
"429","Georgia","Ozone",0.0408572738095238,0.114,2013
"430","Georgia","PM10 Total 0-10um STP",16.0044506,116,2013
"431","Hawaii","Nitrogen dioxide (NO2)",5.49058425,40,2013
"432","Hawaii","Ozone",0.02994125,0.12,2013
"433","Hawaii","PM10 Total 0-10um STP",15.2117965,267,2013
"434","Idaho","Nitrogen dioxide (NO2)",19.1027565,45.9,2013
"435","Idaho","Ozone",0.0466511,0.127,2013
"436","Idaho","PM10 Total 0-10um STP",19.0990205555556,2177,2013
"437","Illinois","Nitrogen dioxide (NO2)",21.1015398571429,102,2013
"438","Illinois","Ozone",0.04323075,0.103,2013
"439","Illinois","PM10 Total 0-10um STP",28.4783245,436,2013
"440","Indiana","Nitrogen dioxide (NO2)",12.5472499285714,64.7,2013
"441","Indiana","Ozone",0.0456123352272727,0.1,2013
"442","Indiana","PM10 Total 0-10um STP",19.66882375,707,2013
"443","Iowa","Nitrogen dioxide (NO2)",9.9482645,47.3,2013
"444","Iowa","Ozone",0.0422288333333333,0.085,2013
"445","Iowa","PM10 Total 0-10um STP",24.7379764827586,799,2013
"446","Kansas","Nitrogen dioxide (NO2)",10.47539075,59.7,2013
"447","Kansas","Ozone",0.046551475,0.094,2013
"448","Kansas","PM10 Total 0-10um STP",20.1000650555556,368,2013
"449","Kentucky","Nitrogen dioxide (NO2)",11.7365183333333,54,2013
"450","Kentucky","Ozone",0.0428913275862069,0.132,2013
"451","Kentucky","PM10 Total 0-10um STP",16.3556976666667,212,2013
"452","Louisiana","Nitrogen dioxide (NO2)",10.6938326,229.8,2013
"453","Louisiana","Ozone",0.0391960625,0.104,2013
"454","Louisiana","PM10 Total 0-10um STP",20.42291675,742,2013
"455","Maine","Nitrogen dioxide (NO2)",8.38293333333333,76.1,2013
"456","Maine","Ozone",0.03853896875,0.101,2013
"457","Maine","PM10 Total 0-10um STP",15.0868756666667,393,2013
"458","Maryland","Nitrogen dioxide (NO2)",16.7755868333333,60.4,2013
"459","Maryland","Ozone",0.0463371375,0.102,2013
"460","Maryland","PM10 Total 0-10um STP",13.2933884,47,2013
"461","Massachusetts","Nitrogen dioxide (NO2)",14.6573025416667,70,2013
"462","Massachusetts","Ozone",0.0430289852941176,0.113,2013
"463","Massachusetts","PM10 Total 0-10um STP",15.2094357777778,68,2013
"464","Michigan","Nitrogen dioxide (NO2)",14.2455801,71,2013
"465","Michigan","Ozone",0.045768525,0.107,2013
"466","Michigan","PM10 Total 0-10um STP",20.8006815454545,555,2013
"467","Minnesota","Nitrogen dioxide (NO2)",10.7454131,54,2013
"468","Minnesota","Ozone",0.0397726323529412,0.087,2013
"469","Minnesota","PM10 Total 0-10um STP",19.34070625,451,2013
"470","Mississippi","Nitrogen dioxide (NO2)",7.9662465,41.4,2013
"471","Mississippi","Ozone",0.041634825,0.092,2013
"472","Mississippi","PM10 Total 0-10um STP",19.4645455,51,2013
"473","Missouri","Nitrogen dioxide (NO2)",19.2395849166667,66.3,2013
"474","Missouri","Ozone",0.0455617391304348,0.102,2013
"475","Missouri","PM10 Total 0-10um STP",21.3456554285714,2073,2013
"476","Montana","Nitrogen dioxide (NO2)",2.54377927272727,167,2013
"477","Montana","Ozone",0.0416144,0.105,2013
"478","Montana","PM10 Total 0-10um STP",15.8806278909091,1060,2013
"479","Nebraska","Ozone",0.04158465,0.082,2013
"480","Nebraska","PM10 Total 0-10um STP",24.4195572307692,638,2013
"481","Nevada","Nitrogen dioxide (NO2)",20.262656,83.5,2013
"482","Nevada","Ozone",0.0481626689189189,0.092,2013
"483","Nevada","PM10 Total 0-10um STP",22.7254615714286,1129,2013
"484","New Hampshire","Nitrogen dioxide (NO2)",2.41734,8.6,2013
"485","New Hampshire","Ozone",0.0413228541666667,0.097,2013
"486","New Hampshire","PM10 Total 0-10um STP",10.7845555,46,2013
"487","New Jersey","Nitrogen dioxide (NO2)",20.10785475,83,2013
"488","New Jersey","Ozone",0.0442712941176471,0.105,2013
"489","New Jersey","PM10 Total 0-10um STP",19.560698,53,2013
"490","New Mexico","Nitrogen dioxide (NO2)",11.69635605,54,2013
"491","New Mexico","Ozone",0.04756094,0.094,2013
"492","New Mexico","PM10 Total 0-10um STP",28.890718761194,4694,2013
"493","New York","Nitrogen dioxide (NO2)",20.1525284,85.6,2013
"494","New York","Ozone",0.041180875,0.147,2013
"495","North Carolina","Nitrogen dioxide (NO2)",12.387471,41,2013
"496","North Carolina","Ozone",0.0416406467391304,0.084,2013
"497","North Carolina","PM10 Total 0-10um STP",15.1513585,84,2013
"498","North Dakota","Nitrogen dioxide (NO2)",4.91645605555556,89,2013
"499","North Dakota","Ozone",0.0428901111111111,0.072,2013
"500","North Dakota","PM10 Total 0-10um STP",13.8116478125,464,2013
"501","Ohio","Nitrogen dioxide (NO2)",16.8638225,94,2013
"502","Ohio","Ozone",0.0436844607843137,0.098,2013
"503","Ohio","PM10 Total 0-10um STP",19.4658196734694,330,2013
"504","Oklahoma","Nitrogen dioxide (NO2)",10.8514395454545,79,2013
"505","Oklahoma","Ozone",0.0456461979166667,0.105,2013
"506","Oklahoma","PM10 Total 0-10um STP",19.0445275384615,286,2013
"507","Oregon","Nitrogen dioxide (NO2)",13.735842,38,2013
"508","Oregon","Ozone",0.03827605,0.086,2013
"509","Oregon","PM10 Total 0-10um STP",16.4761571538462,90,2013
"510","Pennsylvania","Nitrogen dioxide (NO2)",12.1461575681818,75,2013
"511","Pennsylvania","Ozone",0.044445275862069,0.115,2013
"512","Pennsylvania","PM10 Total 0-10um STP",17.0559954150943,310,2013
"513","Rhode Island","Nitrogen dioxide (NO2)",9.88207733333333,59.3,2013
"514","Rhode Island","Ozone",0.0466199166666667,0.104,2013
"515","Rhode Island","PM10 Total 0-10um STP",13.6076496,70,2013
"516","South Carolina","Nitrogen dioxide (NO2)",8.912788375,51,2013
"517","South Carolina","Ozone",0.038261130952381,0.081,2013
"518","South Carolina","PM10 Total 0-10um STP",15.1899625,590,2013
"519","South Dakota","Nitrogen dioxide (NO2)",6.8765871,57.4,2013
"520","South Dakota","Ozone",0.047048875,0.083,2013
"521","South Dakota","PM10 Total 0-10um STP",18.55594445,510,2013
"522","Tennessee","Nitrogen dioxide (NO2)",16.1469866,103,2013
"523","Tennessee","Ozone",0.0438923541666667,0.091,2013
"524","Tennessee","PM10 Total 0-10um STP",16.4054088055556,311,2013
"525","Texas","Nitrogen dioxide (NO2)",11.4370115952381,88.1,2013
"526","Texas","Ozone",0.0420742864583333,0.133,2013
"527","Texas","PM10 Total 0-10um STP",24.6124938648649,290,2013
"528","Utah","Nitrogen dioxide (NO2)",11.4797235434783,107,2013
"529","Utah","Ozone",0.0539323161764706,0.164,2013
"530","Utah","PM10 Total 0-10um STP",21.3726746666667,799,2013
"531","Vermont","Nitrogen dioxide (NO2)",11.07801025,44.7,2013
"532","Vermont","Ozone",0.040887875,0.077,2013
"533","Vermont","PM10 Total 0-10um STP",9.4370195,34,2013
"534","Alabama","Nitrogen dioxide (NO2)",18.6645175,83.2,2014
"535","Alabama","Ozone",0.0422094891304348,0.091,2014
"536","Alabama","PM10 Total 0-10um STP",18.50998388,298,2014
"537","Alaska","Nitrogen dioxide (NO2)",17.8842915,107.8,2014
"538","Alaska","Ozone",0.0278905,0.066,2014
"539","Alaska","PM10 Total 0-10um STP",20.9640287631579,985,2014
"540","Arizona","Nitrogen dioxide (NO2)",21.7275185555556,102,2014
"541","Arizona","Ozone",0.0498546611111111,0.106,2014
"542","Arizona","PM10 Total 0-10um STP",36.6565771591837,12445,2014
"543","Arkansas","Nitrogen dioxide (NO2)",14.32094425,57.8,2014
"544","Arkansas","Ozone",0.0406388055555556,0.088,2014
"545","Arkansas","PM10 Total 0-10um STP",17.7550623333333,49,2014
"546","California","Nitrogen dioxide (NO2)",15.5577404716981,135.9,2014
"547","California","Ozone",0.0459638269230769,0.141,2014
"548","California","PM10 Total 0-10um STP",34.3615949320388,3027,2014
"549","Colorado","Nitrogen dioxide (NO2)",13.997873,136.4,2014
"550","Colorado","Ozone",0.0527989,0.103,2014
"551","Colorado","PM10 Total 0-10um STP",20.7767148,387,2014
"552","Connecticut","Nitrogen dioxide (NO2)",14.7609167,80,2014
"553","Connecticut","Ozone",0.0469850625,0.115,2014
"554","Connecticut","PM10 Total 0-10um STP",12.301201,38,2014
"555","Delaware","Nitrogen dioxide (NO2)",10.5207763333333,59,2014
"556","Delaware","Ozone",0.0447164642857143,0.098,2014
"557","District Of Columbia","Nitrogen dioxide (NO2)",19.488059,64,2014
"558","District Of Columbia","Ozone",0.046558375,0.093,2014
"559","District Of Columbia","PM10 Total 0-10um STP",16.8364631666667,137,2014
"560","Florida","Nitrogen dioxide (NO2)",11.2238997727273,79,2014
"561","Florida","Ozone",0.0397487161016949,0.116,2014
"562","Florida","PM10 Total 0-10um STP",15.8247042142857,717,2014
"563","Georgia","Nitrogen dioxide (NO2)",13.243571375,57.9,2014
"564","Georgia","Ozone",0.0427374047619048,0.105,2014
"565","Georgia","PM10 Total 0-10um STP",16.1541596,136,2014
"566","Hawaii","Nitrogen dioxide (NO2)",5.82195875,44.8,2014
"567","Hawaii","Ozone",0.027880625,0.2,2014
"568","Hawaii","PM10 Total 0-10um STP",15.8199998333333,352,2014
"569","Idaho","Nitrogen dioxide (NO2)",18.64669125,48.4,2014
"570","Idaho","Ozone",0.0496466666666667,0.079,2014
"571","Idaho","PM10 Total 0-10um STP",17.0739749230769,640,2014
"572","Illinois","Nitrogen dioxide (NO2)",20.6492605,105,2014
"573","Illinois","Ozone",0.0430001554054054,0.095,2014
"574","Illinois","PM10 Total 0-10um STP",31.504099,404,2014
"575","Indiana","Nitrogen dioxide (NO2)",14.5183249375,74.6,2014
"576","Indiana","Ozone",0.0447173586956522,0.091,2014
"577","Indiana","PM10 Total 0-10um STP",20.6801182105263,590,2014
"578","Iowa","Nitrogen dioxide (NO2)",9.371983375,47,2014
"579","Iowa","Ozone",0.0408752583333333,0.081,2014
"580","Iowa","PM10 Total 0-10um STP",23.613269,727,2014
"581","Kansas","Nitrogen dioxide (NO2)",9.0542787,78.2,2014
"582","Kansas","Ozone",0.0463813833333333,0.105,2014
"583","Kansas","PM10 Total 0-10um STP",22.0536777142857,786,2014
"584","Kentucky","Nitrogen dioxide (NO2)",12.3365398571429,74.6,2014
"585","Kentucky","Ozone",0.0441062916666667,0.112,2014
"586","Kentucky","PM10 Total 0-10um STP",16.0035409411765,485,2014
"587","Louisiana","Nitrogen dioxide (NO2)",11.6133764545455,93.2,2014
"588","Louisiana","Ozone",0.0384057291666667,0.103,2014
"589","Louisiana","PM10 Total 0-10um STP",19.66720425,211,2014
"590","Maine","Nitrogen dioxide (NO2)",7.53653666666667,51.5,2014
"591","Maine","Ozone",0.0371646176470588,0.085,2014
"592","Maine","PM10 Total 0-10um STP",14.8313812222222,322,2014
"593","Maryland","Nitrogen dioxide (NO2)",16.1296643,61.6,2014
"594","Maryland","Ozone",0.0460337875,0.101,2014
"595","Maryland","PM10 Total 0-10um STP",13.6631404,43,2014
"596","Massachusetts","Nitrogen dioxide (NO2)",14.9568349583333,68,2014
"597","Massachusetts","Ozone",0.0408885921052632,0.096,2014
"598","Massachusetts","PM10 Total 0-10um STP",12.56201075,78,2014
"599","Michigan","Nitrogen dioxide (NO2)",14.5098977,66,2014
"600","Michigan","Ozone",0.0446393333333333,0.103,2014
"601","Michigan","PM10 Total 0-10um STP",22.0412903809524,985,2014
"602","Minnesota","Nitrogen dioxide (NO2)",13.907307625,70,2014
"603","Minnesota","Ozone",0.0376602941176471,0.08,2014
"604","Minnesota","PM10 Total 0-10um STP",19.5774596,857,2014
"605","Mississippi","Nitrogen dioxide (NO2)",8.2166745,40.3,2014
"606","Mississippi","Ozone",0.041133925,0.092,2014
"607","Mississippi","PM10 Total 0-10um STP",17.6014635,48,2014
"608","Missouri","Nitrogen dioxide (NO2)",16.8881565,78.9,2014
"609","Missouri","Ozone",0.0439997826086957,0.097,2014
"610","Missouri","PM10 Total 0-10um STP",22.5315507894737,1120,2014
"611","Montana","Nitrogen dioxide (NO2)",2.7215295,173,2014
"612","Montana","Ozone",0.03993471875,0.143,2014
"613","Montana","PM10 Total 0-10um STP",15.5354385471698,730,2014
"614","Nebraska","Ozone",0.0414795,0.079,2014
"615","Nebraska","PM10 Total 0-10um STP",23.1391371538462,1042,2014
"616","Nevada","Nitrogen dioxide (NO2)",20.070403125,60.4,2014
"617","Nevada","Ozone",0.0482804166666667,0.091,2014
"618","Nevada","PM10 Total 0-10um STP",23.22356,1081,2014
"619","New Hampshire","Nitrogen dioxide (NO2)",4.2460675,30.6,2014
"620","New Hampshire","Ozone",0.0405414375,0.09,2014
"621","New Hampshire","PM10 Total 0-10um STP",9.85239325,172.8,2014
"622","New Jersey","Nitrogen dioxide (NO2)",22.3526699090909,258,2014
"623","New Jersey","Ozone",0.0433717794117647,0.102,2014
"624","New Jersey","PM10 Total 0-10um STP",18.0451775,97,2014
"625","New Mexico","Nitrogen dioxide (NO2)",11.2813667222222,61,2014
"626","New Mexico","Ozone",0.0452145928571429,0.094,2014
"627","New Mexico","PM10 Total 0-10um STP",28.451028516129,4980,2014
"628","New York","Nitrogen dioxide (NO2)",17.6131367857143,80,2014
"629","New York","Ozone",0.040158390625,0.117,2014
"630","North Carolina","Nitrogen dioxide (NO2)",12.5146623333333,137.2,2014
"631","North Carolina","Ozone",0.0445839944444444,0.096,2014
"632","North Carolina","PM10 Total 0-10um STP",12.7897434117647,105,2014
"633","North Dakota","Nitrogen dioxide (NO2)",5.13950555555556,88.6,2014
"634","North Dakota","Ozone",0.0407073333333333,0.213,2014
"635","North Dakota","PM10 Total 0-10um STP",13.5629200625,460,2014
"636","Ohio","Nitrogen dioxide (NO2)",19.0935710833333,68,2014
"637","Ohio","Ozone",0.0441172254901961,0.091,2014
"638","Ohio","PM10 Total 0-10um STP",19.0375005283019,808,2014
"639","Oklahoma","Nitrogen dioxide (NO2)",10.7609289,70,2014
"640","Oklahoma","Ozone",0.044358375,0.101,2014
"641","Oklahoma","PM10 Total 0-10um STP",21.7975125263158,943,2014
"642","Oregon","Nitrogen dioxide (NO2)",14.632983,48.6,2014
"643","Oregon","Ozone",0.03936825,0.098,2014
"644","Oregon","PM10 Total 0-10um STP",12.2466682222222,51,2014
"645","Pennsylvania","Nitrogen dioxide (NO2)",13.526555125,72.8,2014
"646","Pennsylvania","Ozone",0.0436194017857143,0.112,2014
"647","Pennsylvania","PM10 Total 0-10um STP",16.5990481153846,293,2014
"648","Rhode Island","Nitrogen dioxide (NO2)",14.0011155,55.9,2014
"649","Rhode Island","Ozone",0.0446391666666667,0.088,2014
"650","Rhode Island","PM10 Total 0-10um STP",12.506346,59,2014
"651","South Carolina","Nitrogen dioxide (NO2)",10.0845955,52,2014
"652","South Carolina","Ozone",0.041302875,0.084,2014
"653","South Carolina","PM10 Total 0-10um STP",15.6491613333333,168,2014
"654","South Dakota","Nitrogen dioxide (NO2)",6.519530375,52.1,2014
"655","South Dakota","Ozone",0.0410909583333333,0.079,2014
"656","South Dakota","PM10 Total 0-10um STP",18.0473508421053,522,2014
"657","Tennessee","Nitrogen dioxide (NO2)",14.4435313,63,2014
"658","Tennessee","Ozone",0.0445933586956522,0.098,2014
"659","Tennessee","PM10 Total 0-10um STP",17.0488516315789,444,2014
"660","Texas","Nitrogen dioxide (NO2)",11.3596584673913,97.8,2014
"661","Texas","Ozone",0.0398611546052632,0.135,2014
"662","Texas","PM10 Total 0-10um STP",24.1403933666667,132,2014
"663","Utah","Nitrogen dioxide (NO2)",9.79828697619048,88,2014
"664","Utah","Ozone",0.0538173875968992,0.146,2014
"665","Utah","PM10 Total 0-10um STP",18.547334,988,2014
"666","Vermont","Nitrogen dioxide (NO2)",11.2953845,45.6,2014
"667","Vermont","Ozone",0.04048775,0.074,2014
"668","Vermont","PM10 Total 0-10um STP",10.32378875,56,2014
"669","Alabama","Nitrogen dioxide (NO2)",17.87053475,61.6,2015
"670","Alabama","Ozone",0.0403143369565217,0.098,2015
"671","Alabama","PM10 Total 0-10um STP",18.3946230769231,558,2015
"672","Alaska","Nitrogen dioxide (NO2)",17.671058,88.9,2015
"673","Alaska","Ozone",0.0294775833333333,0.065,2015
"674","Alaska","PM10 Total 0-10um STP",16.9891543461538,775,2015
"675","Arizona","Nitrogen dioxide (NO2)",21.6435236,71,2015
"676","Arizona","Ozone",0.0489942061403509,0.113,2015
"677","Arizona","PM10 Total 0-10um STP",28.9517656357143,4246,2015
"678","Arkansas","Nitrogen dioxide (NO2)",13.39485,57.4,2015
"679","Arkansas","Ozone",0.0404812222222222,0.092,2015
"680","Arkansas","PM10 Total 0-10um STP",19.5577213333333,68,2015
"681","California","Nitrogen dioxide (NO2)",15.0162083545455,118.1,2015
"682","California","Ozone",0.045183100591716,0.144,2015
"683","California","PM10 Total 0-10um STP",27.1773111086262,36664,2015
"684","Colorado","Nitrogen dioxide (NO2)",16.7603415666667,94.9,2015
"685","Colorado","Ozone",0.0523374888059701,0.122,2015
"686","Colorado","PM10 Total 0-10um STP",17.3658382,423,2015
"687","Connecticut","Nitrogen dioxide (NO2)",15.510739875,128.2,2015
"688","Connecticut","Ozone",0.0487280416666667,0.123,2015
"689","Connecticut","PM10 Total 0-10um STP",13.878446,255,2015
"690","Delaware","Nitrogen dioxide (NO2)",18.511734,51.8,2015
"691","Delaware","Ozone",0.0464737142857143,0.107,2015
"692","District Of Columbia","Nitrogen dioxide (NO2)",20.359954,67.3,2015
"693","District Of Columbia","Ozone",0.0465175,0.094,2015
"694","District Of Columbia","PM10 Total 0-10um STP",16.77288,133,2015
"695","Florida","Nitrogen dioxide (NO2)",10.426996875,95,2015
"696","Florida","Ozone",0.0371686313559322,0.095,2015
"697","Florida","PM10 Total 0-10um STP",16.358124804878,728,2015
"698","Georgia","Nitrogen dioxide (NO2)",14.4537591,65.2,2015
"699","Georgia","Ozone",0.0413013333333333,0.269,2015
"700","Georgia","PM10 Total 0-10um STP",15.8446698,671,2015
"701","Hawaii","Nitrogen dioxide (NO2)",5.6800205,38.3,2015
"702","Hawaii","Ozone",0.028887125,0.055,2015
"703","Hawaii","PM10 Total 0-10um STP",16.2032685,257,2015
"704","Idaho","Nitrogen dioxide (NO2)",18.784589,56.8,2015
"705","Idaho","Ozone",0.0489046,0.083,2015
"706","Idaho","PM10 Total 0-10um STP",18.9756316190476,3350,2015
"707","Illinois","Nitrogen dioxide (NO2)",18.9307695714286,83.9,2015
"708","Illinois","Ozone",0.0432266959459459,0.098,2015
"709","Illinois","PM10 Total 0-10um STP",26.5088701428571,999,2015
"710","Indiana","Nitrogen dioxide (NO2)",13.0968367142857,62.9,2015
"711","Indiana","Ozone",0.0435112336956522,0.109,2015
"712","Indiana","PM10 Total 0-10um STP",20.4845030588235,704,2015
"713","Iowa","Nitrogen dioxide (NO2)",8.9575745,50.4,2015
"714","Iowa","Ozone",0.04088355,0.079,2015
"715","Iowa","PM10 Total 0-10um STP",23.1369592592593,941,2015
"716","Kansas","Nitrogen dioxide (NO2)",8.7900935,58.6,2015
"717","Kansas","Ozone",0.0440564318181818,0.095,2015
"718","Kansas","PM10 Total 0-10um STP",19.8603464666667,517,2015
"719","Kentucky","Nitrogen dioxide (NO2)",12.2872047142857,55.2,2015
"720","Kentucky","Ozone",0.0434696715686275,0.11,2015
"721","Kentucky","PM10 Total 0-10um STP",17.6375735,404,2015
"722","Louisiana","Nitrogen dioxide (NO2)",10.5430132777778,82,2015
"723","Louisiana","Ozone",0.0387011704545455,0.124,2015
"724","Louisiana","PM10 Total 0-10um STP",19.6061083,427,2015
"725","Maine","Nitrogen dioxide (NO2)",9.68001675,84.6,2015
"726","Maine","Ozone",0.0373921470588235,0.094,2015
"727","Maine","PM10 Total 0-10um STP",15.4053988,314,2015
"728","Maryland","Nitrogen dioxide (NO2)",16.1642703,63.7,2015
"729","Maryland","Ozone",0.0474603125,0.118,2015
"730","Maryland","PM10 Total 0-10um STP",14.6380426,58,2015
"731","Massachusetts","Nitrogen dioxide (NO2)",14.64801985,80,2015
"732","Massachusetts","Ozone",0.042070375,0.102,2015
"733","Massachusetts","PM10 Total 0-10um STP",12.5408775,38,2015
"734","Michigan","Nitrogen dioxide (NO2)",16.1503533125,97.1,2015
"735","Michigan","Ozone",0.0448872416666667,0.104,2015
"736","Michigan","PM10 Total 0-10um STP",23.8365172,985,2015
"737","Minnesota","Nitrogen dioxide (NO2)",12.5515959,86.2,2015
"738","Minnesota","Ozone",0.0388931176470588,0.092,2015
"739","Minnesota","PM10 Total 0-10um STP",21.8330124166667,985,2015
"740","Mississippi","Nitrogen dioxide (NO2)",10.34910925,47.5,2015
"741","Mississippi","Ozone",0.039632875,0.084,2015
"742","Mississippi","PM10 Total 0-10um STP",18.9191835,87,2015
"743","Missouri","Nitrogen dioxide (NO2)",17.0550441111111,88.6,2015
"744","Missouri","Ozone",0.0428305869565217,0.091,2015
"745","Missouri","PM10 Total 0-10um STP",20.5384237391304,1366,2015
"746","Montana","Nitrogen dioxide (NO2)",2.3368735,252,2015
"747","Montana","Ozone",0.04145046875,0.129,2015
"748","Montana","PM10 Total 0-10um STP",20.6971974307692,832,2015
"749","Nebraska","Ozone",0.0420639423076923,0.089,2015
"750","Nebraska","PM10 Total 0-10um STP",21.913652,1196,2015
"751","Nevada","Nitrogen dioxide (NO2)",22.5572583,71.1,2015
"752","Nevada","Ozone",0.04703318,0.096,2015
"753","Nevada","PM10 Total 0-10um STP",17.8556251285714,995,2015
"754","New Hampshire","Nitrogen dioxide (NO2)",5.351577,37.9,2015
"755","New Hampshire","Ozone",0.0407761458333333,0.09,2015
"756","New Hampshire","PM10 Total 0-10um STP",11.624429,221.2,2015
"757","New Jersey","Nitrogen dioxide (NO2)",22.0393195454545,195,2015
"758","New Jersey","Ozone",0.0452777021276596,0.105,2015
"759","New Jersey","PM10 Total 0-10um STP",23.0178615,114,2015
"760","New Mexico","Nitrogen dioxide (NO2)",10.83288625,60,2015
"761","New Mexico","Ozone",0.0455762727272727,0.094,2015
"762","New Mexico","PM10 Total 0-10um STP",21.8919394347826,2745,2015
"763","New York","Nitrogen dioxide (NO2)",19.1438412142857,121.7,2015
"764","New York","Ozone",0.0413323984375,0.112,2015
"765","North Carolina","Nitrogen dioxide (NO2)",11.4530229166667,96.4,2015
"766","North Carolina","Ozone",0.0450450348837209,0.102,2015
"767","North Carolina","PM10 Total 0-10um STP",12.5174949545455,98,2015
"768","North Dakota","Nitrogen dioxide (NO2)",4.79426927777778,111.2,2015
"769","North Dakota","Ozone",0.0435148636363636,0.11,2015
"770","North Dakota","PM10 Total 0-10um STP",14.3816787272727,985,2015
"771","Ohio","Nitrogen dioxide (NO2)",17.8758994285714,85,2015
"772","Ohio","Ozone",0.0445461715686275,0.092,2015
"773","Ohio","PM10 Total 0-10um STP",20.5411862727273,420,2015
"774","Oklahoma","Nitrogen dioxide (NO2)",13.48854375,60,2015
"775","Oklahoma","Ozone",0.0431587065217391,0.118,2015
"776","Oklahoma","PM10 Total 0-10um STP",17.3920806666667,640,2015
"777","Oregon","Nitrogen dioxide (NO2)",16.1413605,46.8,2015
"778","Oregon","Ozone",0.0424821818181818,0.125,2015
"779","Oregon","PM10 Total 0-10um STP",13.4149525454545,96,2015
"780","Pennsylvania","Nitrogen dioxide (NO2)",14.0416129318182,86,2015
"781","Pennsylvania","Ozone",0.045139320754717,0.108,2015
"782","Pennsylvania","PM10 Total 0-10um STP",17.4599768333333,499,2015
"783","Rhode Island","Nitrogen dioxide (NO2)",14.802528625,86.2,2015
"784","Rhode Island","Ozone",0.04652325,0.105,2015
"785","Rhode Island","PM10 Total 0-10um STP",15.3265916,42,2015
"786","South Carolina","Nitrogen dioxide (NO2)",9.137857,51,2015
"787","South Carolina","Ozone",0.0414559125,0.087,2015
"788","South Carolina","PM10 Total 0-10um STP",15.4830013333333,189,2015
"789","South Dakota","Nitrogen dioxide (NO2)",6.545085375,47.7,2015
"790","South Dakota","Ozone",0.045259,0.081,2015
"791","South Dakota","PM10 Total 0-10um STP",19.5863238148148,626,2015
"792","Tennessee","Nitrogen dioxide (NO2)",13.515805,63.1,2015
"793","Tennessee","Ozone",0.0435427407407407,0.099,2015
"794","Tennessee","PM10 Total 0-10um STP",21.1942021578947,400,2015
"795","Texas","Nitrogen dioxide (NO2)",11.3379406170213,102.1,2015
"796","Texas","Ozone",0.0402407183333333,0.136,2015
"797","Texas","PM10 Total 0-10um STP",22.068164,115,2015
"798","Utah","Nitrogen dioxide (NO2)",11.4210148125,79,2015
"799","Utah","Ozone",0.0535548203125,0.102,2015
"800","Utah","PM10 Total 0-10um STP",18.6191397083333,892,2015
"801","Vermont","Nitrogen dioxide (NO2)",11.4490155,53.3,2015
"802","Vermont","Ozone",0.04194725,0.076,2015
"803","Vermont","PM10 Total 0-10um STP",10.99448225,36,2015
"804","Alabama","Nitrogen dioxide (NO2)",18.87529475,114.5,2016
"805","Alabama","Ozone",0.0441092173913043,0.101,2016
"806","Alabama","PM10 Total 0-10um STP",18.0517128571429,650,2016
"807","Alaska","Nitrogen dioxide (NO2)",18.493658,69.3,2016
"808","Alaska","Ozone",0.0281809166666667,0.102,2016
"809","Alaska","PM10 Total 0-10um STP",15.997303,962,2016
"810","Arizona","Nitrogen dioxide (NO2)",21.2257888,77,2016
"811","Arizona","Ozone",0.0483120611111111,0.1,2016
"812","Arizona","PM10 Total 0-10um STP",35.3181085319149,31984,2016
"813","Arkansas","Nitrogen dioxide (NO2)",13.13720325,46.8,2016
"814","Arkansas","Ozone",0.04168009375,0.113,2016
"815","Arkansas","PM10 Total 0-10um STP",18.4651256666667,53,2016
"816","California","Nitrogen dioxide (NO2)",14.232404853211,223.1,2016
"817","California","Ozone",0.0450091926470588,0.163,2016
"818","California","PM10 Total 0-10um STP",28.9027345077399,61498,2016
"819","Colorado","Nitrogen dioxide (NO2)",17.1839906785714,141,2016
"820","Colorado","Ozone",0.0513628064516129,0.103,2016
"821","Colorado","PM10 Total 0-10um STP",18.4561239387755,404,2016
"822","Connecticut","Nitrogen dioxide (NO2)",16.20529725,62.5,2016
"823","Connecticut","Ozone",0.0487494125,0.126,2016
"824","Connecticut","PM10 Total 0-10um STP",11.9898167272727,239,2016
"825","Delaware","Nitrogen dioxide (NO2)",17.5809475,61.8,2016
"826","Delaware","Ozone",0.0458483214285714,0.095,2016
"827","District Of Columbia","Nitrogen dioxide (NO2)",19.014050125,75.6,2016
"828","District Of Columbia","Ozone",0.0430318333333333,0.09,2016
"829","District Of Columbia","PM10 Total 0-10um STP",16.8196475,111,2016
"830","Florida","Nitrogen dioxide (NO2)",11.3055538571429,97,2016
"831","Florida","Ozone",0.0389742456896552,0.104,2016
"832","Florida","PM10 Total 0-10um STP",16.3362519473684,897,2016
"833","Georgia","Nitrogen dioxide (NO2)",22.9590748333333,72.8,2016
"834","Georgia","Ozone",0.0456346666666667,0.115,2016
"835","Georgia","PM10 Total 0-10um STP",16.2162636,212,2016
"836","Hawaii","Nitrogen dioxide (NO2)",6.4426135,37.2,2016
"837","Hawaii","Ozone",0.0298615,0.056,2016
"838","Hawaii","PM10 Total 0-10um STP",15.8076733333333,342,2016
"839","Idaho","Nitrogen dioxide (NO2)",17.0022865,48.3,2016
"840","Idaho","Ozone",0.0487138,0.094,2016
"841","Idaho","PM10 Total 0-10um STP",16.8697360833333,741,2016
"842","Illinois","Nitrogen dioxide (NO2)",20.6220475,91.7,2016
"843","Illinois","Ozone",0.0441179864864865,0.101,2016
"844","Illinois","PM10 Total 0-10um STP",21.0593392857143,466,2016
"845","Indiana","Nitrogen dioxide (NO2)",12.5432101428571,96,2016
"846","Indiana","Ozone",0.0451948488372093,0.108,2016
"847","Indiana","PM10 Total 0-10um STP",19.3596276470588,926,2016
"848","Iowa","Nitrogen dioxide (NO2)",8.5528635,84.2,2016
"849","Iowa","Ozone",0.0400194916666667,0.081,2016
"850","Iowa","PM10 Total 0-10um STP",21.2404967037037,465,2016
"851","Kansas","Nitrogen dioxide (NO2)",8.354119,45.1,2016
"852","Kansas","Ozone",0.0440739423076923,0.134,2016
"853","Kansas","PM10 Total 0-10um STP",19.6023878947368,490,2016
"854","Kentucky","Nitrogen dioxide (NO2)",11.3236452857143,95.6,2016
"855","Kentucky","Ozone",0.0437488706896552,0.105,2016
"856","Kentucky","PM10 Total 0-10um STP",15.4913444166667,516,2016
"857","Louisiana","Nitrogen dioxide (NO2)",10.8079568636364,81.4,2016
"858","Louisiana","Ozone",0.0398130113636364,0.123,2016
"859","Louisiana","PM10 Total 0-10um STP",18.7113241,635,2016
"860","Maine","Nitrogen dioxide (NO2)",6.54315183333333,87.1,2016
"861","Maine","Ozone",0.0368465666666667,0.09,2016
"862","Maine","PM10 Total 0-10um STP",12.590567,420,2016
"863","Maryland","Nitrogen dioxide (NO2)",16.753815,68.3,2016
"864","Maryland","Ozone",0.0475531059322034,0.12,2016
"865","Maryland","PM10 Total 0-10um STP",12.548509,32,2016
"866","Massachusetts","Nitrogen dioxide (NO2)",12.98277335,69,2016
"867","Massachusetts","Ozone",0.0431299,0.105,2016
"868","Massachusetts","PM10 Total 0-10um STP",12.0228605,50,2016
"869","Michigan","Nitrogen dioxide (NO2)",15.060966125,120.7,2016
"870","Michigan","Ozone",0.045106453125,0.108,2016
"871","Michigan","PM10 Total 0-10um STP",21.9928628,985,2016
"872","Minnesota","Nitrogen dioxide (NO2)",12.1165076,74.5,2016
"873","Minnesota","Ozone",0.0352764705882353,0.082,2016
"874","Minnesota","PM10 Total 0-10um STP",19.183407125,826,2016
"875","Mississippi","Nitrogen dioxide (NO2)",9.6530355,48.3,2016
"876","Mississippi","Ozone",0.0420899,0.095,2016
"877","Mississippi","PM10 Total 0-10um STP",17.101852,56,2016
"878","Missouri","Nitrogen dioxide (NO2)",15.4336688571429,62.7,2016
"879","Missouri","Ozone",0.0422447010869565,0.111,2016
"880","Missouri","PM10 Total 0-10um STP",20.94376588,1064,2016
"881","Montana","Nitrogen dioxide (NO2)",2.233168,265,2016
"882","Montana","Ozone",0.0399133125,0.119,2016
"883","Montana","PM10 Total 0-10um STP",15.1776784561404,586,2016
"884","Nebraska","Ozone",0.0415571,0.081,2016
"885","Nebraska","PM10 Total 0-10um STP",21.7459791818182,591,2016
"886","Nevada","Nitrogen dioxide (NO2)",21.9394781875,67.7,2016
"887","Nevada","Ozone",0.0471211086956522,0.099,2016
"888","Nevada","PM10 Total 0-10um STP",19.3019417383178,1255,2016
"889","New Hampshire","Nitrogen dioxide (NO2)",4.890247,26.9,2016
"890","New Hampshire","Ozone",0.0402655208333333,0.087,2016
"891","New Hampshire","PM10 Total 0-10um STP",9.6640975,153,2016
"892","New Jersey","Nitrogen dioxide (NO2)",19.4691051363636,95,2016
"893","New Jersey","Ozone",0.0441640408163265,0.103,2016
"894","New Jersey","PM10 Total 0-10um STP",21.650594,127,2016
"895","New Mexico","Nitrogen dioxide (NO2)",10.7478421111111,60,2016
"896","New Mexico","Ozone",0.0474276125,0.09,2016
"897","New Mexico","PM10 Total 0-10um STP",26.4062531774194,4001,2016
"898","New York","Nitrogen dioxide (NO2)",17.7589403571429,89.4,2016
"899","New York","Ozone",0.0420557734375,0.106,2016
"900","North Carolina","Nitrogen dioxide (NO2)",11.0301115833333,54.4,2016
"901","North Carolina","Ozone",0.0454888974358974,0.103,2016
"902","North Carolina","PM10 Total 0-10um STP",12.54498464,237,2016
"903","North Dakota","Nitrogen dioxide (NO2)",4.29811522222222,99.9,2016
"904","North Dakota","Ozone",0.0390303636363636,0.102,2016
"905","North Dakota","PM10 Total 0-10um STP",10.8952721666667,1985,2016
"906","Ohio","Nitrogen dioxide (NO2)",16.7460927142857,69,2016
"907","Ohio","Ozone",0.0460320113636364,0.103,2016
"908","Ohio","PM10 Total 0-10um STP",18.0900012982456,622,2016
"909","Oklahoma","Nitrogen dioxide (NO2)",11.9555583333333,56,2016
"910","Oklahoma","Ozone",0.0436868173076923,0.098,2016
"911","Oklahoma","PM10 Total 0-10um STP",17.5193236,421,2016
"912","Oregon","Nitrogen dioxide (NO2)",15.25523775,41.2,2016
"913","Oregon","Ozone",0.0369152045454545,0.086,2016
"914","Oregon","PM10 Total 0-10um STP",10.4781549166667,56,2016
"915","Pennsylvania","Nitrogen dioxide (NO2)",11.9221312222222,76.4,2016
"916","Pennsylvania","Ozone",0.0447906468531469,0.114,2016
"917","Pennsylvania","PM10 Total 0-10um STP",15.8470671388889,264,2016
"918","Rhode Island","Nitrogen dioxide (NO2)",13.212071625,69.1,2016
"919","Rhode Island","Ozone",0.0447811944444444,0.093,2016
"920","Rhode Island","PM10 Total 0-10um STP",11.7092024,52,2016
"921","South Carolina","Nitrogen dioxide (NO2)",8.3575851,50,2016
"922","South Carolina","Ozone",0.0434297717391304,0.098,2016
"923","South Carolina","PM10 Total 0-10um STP",15.0479915,705,2016
"924","South Dakota","Nitrogen dioxide (NO2)",6.170959625,49.2,2016
"925","South Dakota","Ozone",0.04386309375,0.081,2016
"926","South Dakota","PM10 Total 0-10um STP",19.2903048333333,600,2016
"927","Tennessee","Nitrogen dioxide (NO2)",13.8024479,65,2016
"928","Tennessee","Ozone",0.0470269347826087,0.114,2016
"929","Tennessee","PM10 Total 0-10um STP",20.5872993684211,171,2016
"930","Texas","Nitrogen dioxide (NO2)",11.0973316808511,95.4,2016
"931","Texas","Ozone",0.0401064506578947,0.116,2016
"932","Texas","PM10 Total 0-10um STP",20.5310104193548,109,2016
"933","Utah","Nitrogen dioxide (NO2)",10.4836550333333,135,2016
"934","Utah","Ozone",0.0523184545454545,0.132,2016
"935","Utah","PM10 Total 0-10um STP",17.8199000909091,106,2016
"936","Vermont","Nitrogen dioxide (NO2)",9.99671425,38.5,2016
"937","Vermont","Ozone",0.04017475,0.085,2016
"938","Vermont","PM10 Total 0-10um STP",9.1599706,34,2016
"939","Alabama","Nitrogen dioxide (NO2)",16.1336905,50.8,2017
"940","Alabama","Ozone",0.0406268043478261,0.094,2017
"941","Alabama","PM10 Total 0-10um STP",16.1567278,388,2017
"942","Alaska","Nitrogen dioxide (NO2)",17.8451265,65.7,2017
"943","Alaska","Ozone",0.02802725,0.054,2017
"944","Alaska","PM10 Total 0-10um STP",12.2349753157895,615,2017
"945","Arizona","Nitrogen dioxide (NO2)",23.54921775,72,2017
"946","Arizona","Ozone",0.0495697857142857,0.114,2017
"947","Arizona","PM10 Total 0-10um STP",38.4296440756757,10199,2017
"948","Arkansas","Nitrogen dioxide (NO2)",12.6252275,45,2017
"949","Arkansas","Ozone",0.04157428125,0.093,2017
"950","Arkansas","PM10 Total 0-10um STP",17.501438,51,2017
"951","California","Nitrogen dioxide (NO2)",14.3608051226415,123.3,2017
"952","California","Ozone",0.0459403585714286,0.158,2017
"953","California","PM10 Total 0-10um STP",27.7558079640719,23530,2017
"954","Colorado","Nitrogen dioxide (NO2)",14.0757,92.9,2017
"955","Colorado","Ozone",0.04766987,0.101,2017
"956","Colorado","PM10 Total 0-10um STP",18.936413175,575,2017
"957","Connecticut","Nitrogen dioxide (NO2)",18.1471025,93.9,2017
"958","Connecticut","Ozone",0.044095125,0.118,2017
"959","Connecticut","PM10 Total 0-10um STP",10.8647656363636,217,2017
"960","Delaware","Nitrogen dioxide (NO2)",16.4646295,59.7,2017
"961","Delaware","Ozone",0.0436031071428571,0.104,2017
"962","District Of Columbia","Nitrogen dioxide (NO2)",17.49319475,82.5,2017
"963","District Of Columbia","Ozone",0.0394885,0.092,2017
"964","District Of Columbia","PM10 Total 0-10um STP",16.1537358333333,211,2017
"965","Florida","Nitrogen dioxide (NO2)",12.0706886666667,80.9,2017
"966","Florida","Ozone",0.0382306465517241,0.11,2017
"967","Florida","PM10 Total 0-10um STP",17.1886149761905,541,2017
"968","Georgia","Nitrogen dioxide (NO2)",20.057272,61.2,2017
"969","Georgia","Ozone",0.0414657875,0.099,2017
"970","Georgia","PM10 Total 0-10um STP",16.3226795,475,2017
"971","Hawaii","Nitrogen dioxide (NO2)",6.149493,40.6,2017
"972","Hawaii","Ozone",0.029986625,0.06,2017
"973","Hawaii","PM10 Total 0-10um STP",13.3503141666667,515,2017
"974","Idaho","Nitrogen dioxide (NO2)",23.7034265,53.1,2017
"975","Idaho","Ozone",0.0471943125,0.099,2017
"976","Idaho","PM10 Total 0-10um STP",19.2027105,1076,2017
"977","Illinois","Nitrogen dioxide (NO2)",19.9638517,78.8,2017
"978","Illinois","Ozone",0.0445954736842105,0.115,2017
"979","Illinois","PM10 Total 0-10um STP",21.4634831428571,491,2017
"980","Indiana","Nitrogen dioxide (NO2)",14.5413377,80.5,2017
"981","Indiana","Ozone",0.0436559318181818,0.102,2017
"982","Indiana","PM10 Total 0-10um STP",19.1264061764706,941,2017
"983","Iowa","Nitrogen dioxide (NO2)",7.88825383333333,78.4,2017
"984","Iowa","Ozone",0.041269475,0.102,2017
"985","Iowa","PM10 Total 0-10um STP",20.8929597777778,662,2017
"986","Kansas","Nitrogen dioxide (NO2)",8.0216244,53.7,2017
"987","Kansas","Ozone",0.0426840277777778,0.094,2017
"988","Kansas","PM10 Total 0-10um STP",19.9060096190476,1515,2017
"989","Kentucky","Nitrogen dioxide (NO2)",10.6368515,59.5,2017
"990","Kentucky","Ozone",0.0428474482758621,0.092,2017
"991","Kentucky","PM10 Total 0-10um STP",14.90941775,187,2017
"992","Louisiana","Nitrogen dioxide (NO2)",10.2331926666667,57,2017
"993","Louisiana","Ozone",0.0385630833333333,0.096,2017
"994","Louisiana","PM10 Total 0-10um STP",18.1491997,764,2017
"995","Maine","Nitrogen dioxide (NO2)",7.57270133333333,86.2,2017
"996","Maine","Ozone",0.0374611833333333,0.113,2017
"997","Maine","PM10 Total 0-10um STP",12.3392070909091,73,2017
"998","Maryland","Nitrogen dioxide (NO2)",15.431484,60.1,2017
"999","Maryland","Ozone",0.04529275,0.113,2017
"1000","Maryland","PM10 Total 0-10um STP",12.18092275,33,2017
"1001","Massachusetts","Nitrogen dioxide (NO2)",12.218598,66,2017
"1002","Massachusetts","Ozone",0.04168665625,0.115,2017
"1003","Massachusetts","PM10 Total 0-10um STP",10.7510412,40,2017
"1004","Michigan","Nitrogen dioxide (NO2)",14.538950375,129.6,2017
"1005","Michigan","Ozone",0.042062046875,0.095,2017
"1006","Michigan","PM10 Total 0-10um STP",21.4347348181818,985,2017
"1007","Minnesota","Nitrogen dioxide (NO2)",12.0990155,62.6,2017
"1008","Minnesota","Ozone",0.0375556176470588,0.084,2017
"1009","Minnesota","PM10 Total 0-10um STP",21.6267984166667,733,2017
"1010","Mississippi","Nitrogen dioxide (NO2)",9.60366275,53,2017
"1011","Mississippi","Ozone",0.039390275,0.082,2017
"1012","Mississippi","PM10 Total 0-10um STP",15.632653,31,2017
"1013","Missouri","Nitrogen dioxide (NO2)",14.9073277857143,57.4,2017
"1014","Missouri","Ozone",0.0447811195652174,0.104,2017
"1015","Missouri","PM10 Total 0-10um STP",21.2665632272727,852,2017
"1016","Montana","Nitrogen dioxide (NO2)",2.1022463,55.2,2017
"1017","Montana","Ozone",0.04491925,0.081,2017
"1018","Montana","PM10 Total 0-10um STP",17.1045226619718,854.1,2017
"1019","Nebraska","Ozone",0.03991245,0.092,2017
"1020","Nebraska","PM10 Total 0-10um STP",22.4745,791,2017
"1021","Nevada","Nitrogen dioxide (NO2)",25.4765932142857,89.3,2017
"1022","Nevada","Ozone",0.0473329051724138,0.104,2017
"1023","Nevada","PM10 Total 0-10um STP",20.7724890869565,985,2017
"1024","New Hampshire","Nitrogen dioxide (NO2)",4.453121,33.5,2017
"1025","New Hampshire","Ozone",0.0397890625,0.12,2017
"1026","New Hampshire","PM10 Total 0-10um STP",10.9545433333333,183.7,2017
"1027","New Jersey","Nitrogen dioxide (NO2)",18.3360977,92,2017
"1028","New Jersey","Ozone",0.0413948529411765,0.104,2017
"1029","New Jersey","PM10 Total 0-10um STP",16.16866875,45,2017
"1030","New Mexico","Nitrogen dioxide (NO2)",10.0313084,51,2017
"1031","New Mexico","Ozone",0.0487980657894737,0.094,2017
"1032","New Mexico","PM10 Total 0-10um STP",27.6439387346939,4954,2017
"1033","New York","Nitrogen dioxide (NO2)",17.37383525,79.1,2017
"1034","New York","Ozone",0.040499359375,0.111,2017
"1035","New York","PM10 Total 0-10um STP",13.3144401666667,53,2017
"1036","North Carolina","Nitrogen dioxide (NO2)",10.7528783333333,52.7,2017
"1037","North Carolina","Ozone",0.0437628076923077,0.088,2017
"1038","North Carolina","PM10 Total 0-10um STP",12.4501693703704,533,2017
"1039","North Dakota","Nitrogen dioxide (NO2)",4.53893166666667,44.5,2017
"1040","North Dakota","Ozone",0.0416838125,0.072,2017
"1041","North Dakota","PM10 Total 0-10um STP",13.70778675,1734,2017
"1042","Ohio","Nitrogen dioxide (NO2)",15.7969854285714,68,2017
"1043","Ohio","Ozone",0.0436134264705882,0.099,2017
"1044","Ohio","PM10 Total 0-10um STP",16.7157337777778,339,2017
"1045","Oklahoma","Nitrogen dioxide (NO2)",11.9829370833333,67,2017
"1046","Oklahoma","Ozone",0.044125375,0.12,2017
"1047","Oklahoma","PM10 Total 0-10um STP",16.6590527142857,1584,2017
"1048","Oregon","Nitrogen dioxide (NO2)",14.99487,53.2,2017
"1049","Oregon","Ozone",0.0413892727272727,0.124,2017
"1050","Oregon","PM10 Total 0-10um STP",16.0780172307692,475,2017
"1051","Pennsylvania","Nitrogen dioxide (NO2)",11.2545017222222,76,2017
"1052","Pennsylvania","Ozone",0.0430586203703704,0.114,2017
"1053","Pennsylvania","PM10 Total 0-10um STP",15.4433948333333,289,2017
"1054","Rhode Island","Nitrogen dioxide (NO2)",12.4296165,58.9,2017
"1055","Rhode Island","Ozone",0.04205475,0.108,2017
"1056","Rhode Island","PM10 Total 0-10um STP",11.132239,38,2017
"1057","South Carolina","Nitrogen dioxide (NO2)",8.833916625,46,2017
"1058","South Carolina","Ozone",0.0413582368421053,0.091,2017
"1059","South Carolina","PM10 Total 0-10um STP",13.9631668333333,200,2017
"1060","South Dakota","Nitrogen dioxide (NO2)",5.707742,45.9,2017
"1061","South Dakota","Ozone",0.0416470416666667,0.101,2017
"1062","South Dakota","PM10 Total 0-10um STP",16.6843502,462,2017
"1063","Tennessee","Nitrogen dioxide (NO2)",12.516234,59,2017
"1064","Tennessee","Ozone",0.0443279782608696,0.098,2017
"1065","Tennessee","PM10 Total 0-10um STP",16.5008072857143,159,2017
"1066","Texas","Nitrogen dioxide (NO2)",10.8607569148936,78.8,2017
"1067","Texas","Ozone",0.0405597297297297,0.115,2017
"1068","Texas","PM10 Total 0-10um STP",21.7836845333333,188,2017
"1069","Utah","Nitrogen dioxide (NO2)",10.8554387,96,2017
"1070","Utah","Ozone",0.04632125,0.121,2017
"1071","Utah","PM10 Total 0-10um STP",19.890988,229,2017
"1072","Vermont","Nitrogen dioxide (NO2)",10.08955375,41.1,2017
"1073","Vermont","Ozone",0.03851375,0.073,2017
"1074","Vermont","PM10 Total 0-10um STP",9.2017765,29,2017
"1075","Alabama","Nitrogen dioxide (NO2)",15.80240725,49.8,2018
"1076","Alabama","Ozone",0.0415099545454545,0.097,2018
"1077","Alabama","PM10 Total 0-10um STP",16.5868604090909,230,2018
"1078","Alaska","Nitrogen dioxide (NO2)",16.739653,69.1,2018
"1079","Alaska","Ozone",0.0264321666666667,0.058,2018
"1080","Alaska","PM10 Total 0-10um STP",11.7754604,985,2018
"1081","Arizona","Nitrogen dioxide (NO2)",22.4050885,75,2018
"1082","Arizona","Ozone",0.0490090280612245,0.11,2018
"1083","Arizona","PM10 Total 0-10um STP",36.1658696309013,13730,2018
"1084","Arkansas","Nitrogen dioxide (NO2)",12.396318,45.1,2018
"1085","Arkansas","Ozone",0.04099675,0.09,2018
"1086","Arkansas","PM10 Total 0-10um STP",17.55689775,65,2018
"1087","California","Nitrogen dioxide (NO2)",14.110322706422,90.3,2018
"1088","California","Ozone",0.0452966369680851,0.142,2018
"1089","California","PM10 Total 0-10um STP",27.4397236075581,10169,2018
"1090","Colorado","Nitrogen dioxide (NO2)",13.3909386071429,103.4,2018
"1091","Colorado","Ozone",0.0481005625,0.108,2018
"1092","Colorado","PM10 Total 0-10um STP",19.1178065454545,399,2018
"1093","Connecticut","Nitrogen dioxide (NO2)",16.07061425,119.3,2018
"1094","Connecticut","Ozone",0.0440981666666667,0.133,2018
"1095","Connecticut","PM10 Total 0-10um STP",13.319386,234,2018
"1096","Delaware","Nitrogen dioxide (NO2)",15.1222765,46.1,2018
"1097","Delaware","Ozone",0.04204925,0.092,2018
"1098","District Of Columbia","Nitrogen dioxide (NO2)",16.1021945,86.5,2018
"1099","District Of Columbia","Ozone",0.0376009166666667,0.104,2018
"1100","District Of Columbia","PM10 Total 0-10um STP",16.1943228333333,260,2018
"1101","Florida","Nitrogen dioxide (NO2)",11.3899413076923,66.5,2018
"1102","Florida","Ozone",0.0375604396551724,0.099,2018
"1103","Florida","PM10 Total 0-10um STP",17.623103,958,2018
"1104","Georgia","Nitrogen dioxide (NO2)",18.3594888333333,53.8,2018
"1105","Georgia","Ozone",0.0410003289473684,0.098,2018
"1106","Georgia","PM10 Total 0-10um STP",14.898185375,152,2018
"1107","Hawaii","Nitrogen dioxide (NO2)",7.46468875,46.7,2018
"1108","Hawaii","Ozone",0.02999975,0.056,2018
"1109","Hawaii","PM10 Total 0-10um STP",12.6403578333333,467,2018
"1110","Idaho","Ozone",0.04178909375,0.092,2018
"1111","Idaho","PM10 Total 0-10um STP",19.9735220833333,1238,2018
"1112","Illinois","Nitrogen dioxide (NO2)",18.1506978,85.2,2018
"1113","Illinois","Ozone",0.0438250067567568,0.116,2018
"1114","Illinois","PM10 Total 0-10um STP",21.944055,286,2018
"1115","Indiana","Nitrogen dioxide (NO2)",14.7944893333333,59.8,2018
"1116","Indiana","Ozone",0.0427473988095238,0.106,2018
"1117","Indiana","PM10 Total 0-10um STP",19.7931271176471,373,2018
"1118","Iowa","Nitrogen dioxide (NO2)",7.78127483333333,42.2,2018
"1119","Iowa","Ozone",0.0409914583333333,0.086,2018
"1120","Iowa","PM10 Total 0-10um STP",24.3387476875,525,2018
"1121","Kansas","Nitrogen dioxide (NO2)",8.0246411,45.5,2018
"1122","Kansas","Ozone",0.0432320277777778,0.11,2018
"1123","Kansas","PM10 Total 0-10um STP",19.2462891153846,2246,2018
"1124","Kentucky","Nitrogen dioxide (NO2)",10.2985232857143,56.3,2018
"1125","Kentucky","Ozone",0.0420919224137931,0.115,2018
"1126","Kentucky","PM10 Total 0-10um STP",15.9088958571429,254,2018
"1127","Louisiana","Nitrogen dioxide (NO2)",10.0837033888889,49.7,2018
"1128","Louisiana","Ozone",0.0378848977272727,0.148,2018
"1129","Louisiana","PM10 Total 0-10um STP",19.8181178,433,2018
"1130","Maine","Nitrogen dioxide (NO2)",7.65320333333333,64.4,2018
"1131","Maine","Ozone",0.0386592333333333,0.092,2018
"1132","Maine","PM10 Total 0-10um STP",12.6740471666667,285,2018
"1133","Maryland","Nitrogen dioxide (NO2)",14.2399200833333,53,2018
"1134","Maryland","Ozone",0.0442081625,0.115,2018
"1135","Maryland","PM10 Total 0-10um STP",11.40690175,39,2018
"1136","Massachusetts","Nitrogen dioxide (NO2)",13.3093370909091,77,2018
"1137","Massachusetts","Ozone",0.041749328125,0.105,2018
"1138","Massachusetts","PM10 Total 0-10um STP",9.5943218,46,2018
"1139","Michigan","Nitrogen dioxide (NO2)",15.3027146923077,62.3,2018
"1140","Michigan","Ozone",0.0421432972972973,0.113,2018
"1141","Michigan","PM10 Total 0-10um STP",20.9407511818182,805,2018
"1142","Minnesota","Nitrogen dioxide (NO2)",13.1403196,72,2018
"1143","Minnesota","Ozone",0.0382982352941176,0.093,2018
"1144","Minnesota","PM10 Total 0-10um STP",22.6370001153846,1000,2018
"1145","Mississippi","Nitrogen dioxide (NO2)",7.3117935,33.3,2018
"1146","Mississippi","Ozone",0.04109075,0.109,2018
"1147","Mississippi","PM10 Total 0-10um STP",20.2427428333333,305.2,2018
"1148","Missouri","Nitrogen dioxide (NO2)",14.7528615,58.6,2018
"1149","Missouri","Ozone",0.0444076931818182,0.124,2018
"1150","Missouri","PM10 Total 0-10um STP",20.2979938,808,2018
"1151","Montana","Nitrogen dioxide (NO2)",2.2428495,36.2,2018
"1152","Montana","Ozone",0.0439346875,0.114,2018
"1153","Montana","PM10 Total 0-10um STP",16.3800695909091,798,2018
"1154","Nebraska","Ozone",0.0391951,0.082,2018
"1155","Nebraska","PM10 Total 0-10um STP",19.684278,971,2018
"1156","Nevada","Nitrogen dioxide (NO2)",27.129363375,69.3,2018
"1157","Nevada","Ozone",0.0481303947368421,0.099,2018
"1158","Nevada","PM10 Total 0-10um STP",21.8031828490566,985,2018
"1159","New Hampshire","Nitrogen dioxide (NO2)",4.1812195,27.9,2018
"1160","New Hampshire","Ozone",0.0400207083333333,0.09,2018
"1161","New Hampshire","PM10 Total 0-10um STP",9.659531,127.7,2018
"1162","New Jersey","Nitrogen dioxide (NO2)",17.82066535,131,2018
"1163","New Jersey","Ozone",0.0413348382352941,0.135,2018
"1164","New Jersey","PM10 Total 0-10um STP",15.5047285,44,2018
"1165","New Mexico","Nitrogen dioxide (NO2)",10.4493850909091,80,2018
"1166","New Mexico","Ozone",0.0500298815789474,0.128,2018
"1167","New Mexico","PM10 Total 0-10um STP",28.1330720816327,2622,2018
"1168","New York","Nitrogen dioxide (NO2)",19.0174281428571,79.1,2018
"1169","New York","Ozone",0.0408497338709677,0.143,2018
"1170","New York","PM10 Total 0-10um STP",13.3534413333333,42,2018
"1171","North Carolina","Nitrogen dioxide (NO2)",9.83559941666667,41,2018
"1172","North Carolina","Ozone",0.0437009871794872,0.09,2018
"1173","North Carolina","PM10 Total 0-10um STP",13.98513015,543,2018
"1174","North Dakota","Nitrogen dioxide (NO2)",4.51957185,65,2018
"1175","North Dakota","Ozone",0.0428741730769231,0.077,2018
"1176","North Dakota","PM10 Total 0-10um STP",11.5998551,389,2018
"1177","Ohio","Nitrogen dioxide (NO2)",15.9526804285714,74,2018
"1178","Ohio","Ozone",0.0434743701923077,0.098,2018
"1179","Ohio","PM10 Total 0-10um STP",16.3439067586207,455,2018
"1180","Oklahoma","Nitrogen dioxide (NO2)",12.740197125,48,2018
"1181","Oklahoma","Ozone",0.0436145208333333,0.122,2018
"1182","Oklahoma","PM10 Total 0-10um STP",19.4081918421053,2419,2018
"1183","Oregon","Nitrogen dioxide (NO2)",15.9698931666667,55.4,2018
"1184","Oregon","Ozone",0.0387997727272727,0.095,2018
"1185","Oregon","PM10 Total 0-10um STP",15.312120375,311,2018
"1186","Pennsylvania","Nitrogen dioxide (NO2)",9.04296763888889,87,2018
"1187","Pennsylvania","Ozone",0.0415674198113208,0.108,2018
"1188","Pennsylvania","PM10 Total 0-10um STP",14.3518873428571,854,2018
"1189","Rhode Island","Nitrogen dioxide (NO2)",16.76392425,55.5,2018
"1190","Rhode Island","Ozone",0.0435223333333333,0.102,2018
"1191","Rhode Island","PM10 Total 0-10um STP",12.8551006666667,79,2018
"1192","South Carolina","Nitrogen dioxide (NO2)",8.553038625,45,2018
"1193","South Carolina","Ozone",0.0437141842105263,0.089,2018
"1194","South Carolina","PM10 Total 0-10um STP",13.8289888,165,2018
"1195","South Dakota","Nitrogen dioxide (NO2)",5.860297375,50.4,2018
"1196","South Dakota","Ozone",0.0417507916666667,0.082,2018
"1197","South Dakota","PM10 Total 0-10um STP",18.2880279166667,761,2018
"1198","Tennessee","Nitrogen dioxide (NO2)",12.33628,57,2018
"1199","Tennessee","Ozone",0.0437358043478261,0.102,2018
"1200","Tennessee","PM10 Total 0-10um STP",16.6720711,171,2018
"1201","Texas","Nitrogen dioxide (NO2)",10.8638385531915,84.4,2018
"1202","Texas","Ozone",0.0392369691780822,0.144,2018
"1203","Texas","PM10 Total 0-10um STP",23.215374969697,158,2018
"1204","Utah","Nitrogen dioxide (NO2)",10.5587848478261,92,2018
"1205","Utah","Ozone",0.0479015833333333,0.108,2018
"1206","Utah","PM10 Total 0-10um STP",18.2144271,143,2018
"1207","Vermont","Nitrogen dioxide (NO2)",10.05085175,46.9,2018
"1208","Vermont","Ozone",0.03939925,0.075,2018
"1209","Vermont","PM10 Total 0-10um STP",9.106827,41,2018
"1210","Alabama","Nitrogen dioxide (NO2)",17.8212205,66.2,2019
"1211","Alabama","Ozone",0.0424634318181818,0.1,2019
"1212","Alabama","PM10 Total 0-10um STP",18.7279664444444,597.1,2019
"1213","Alaska","Nitrogen dioxide (NO2)",13.82205,67.9,2019
"1214","Alaska","Ozone",0.029822,0.06,2019
"1215","Alaska","PM10 Total 0-10um STP",15.1723788333333,985,2019
"1216","Arizona","Nitrogen dioxide (NO2)",20.33495975,62,2019
"1217","Arizona","Ozone",0.04879880078125,0.107,2019
"1218","Arizona","PM10 Total 0-10um STP",28.118424632,3964,2019
"1219","Arkansas","Nitrogen dioxide (NO2)",13.1088365,47.2,2019
"1220","Arkansas","Ozone",0.040856875,0.088,2019
"1221","Arkansas","PM10 Total 0-10um STP",16.82963175,42,2019
"1222","California","Nitrogen dioxide (NO2)",13.1213117723214,97.7,2019
"1223","California","Ozone",0.0443393040935673,0.137,2019
"1224","California","PM10 Total 0-10um STP",24.0821332299652,22288,2019
"1225","Colorado","Nitrogen dioxide (NO2)",13.5059096071429,86.3,2019
"1226","Colorado","Ozone",0.0485665357142857,0.143,2019
"1227","Colorado","PM10 Total 0-10um STP",18.7742492962963,320,2019
"1228","Connecticut","Nitrogen dioxide (NO2)",15.564546125,59.1,2019
"1229","Connecticut","Ozone",0.0456478125,0.129,2019
"1230","Connecticut","PM10 Total 0-10um STP",12.8930304285714,1278,2019
"1231","Delaware","Nitrogen dioxide (NO2)",15.9086275,66,2019
"1232","Delaware","Ozone",0.0447518571428571,0.092,2019
"1233","District Of Columbia","Nitrogen dioxide (NO2)",17.340449375,69.7,2019
"1234","District Of Columbia","Ozone",0.043894,0.09,2019
"1235","District Of Columbia","PM10 Total 0-10um STP",17.2282958333333,342,2019
"1236","Florida","Nitrogen dioxide (NO2)",10.6463458076923,54.1,2019
"1237","Florida","Ozone",0.0381287327586207,0.132,2019
"1238","Florida","PM10 Total 0-10um STP",16.5281649090909,859,2019
"1239","Georgia","Nitrogen dioxide (NO2)",19.5495323333333,67.4,2019
"1240","Georgia","Ozone",0.0438657105263158,0.108,2019
"1241","Georgia","PM10 Total 0-10um STP",15.3292553333333,128,2019
"1242","Hawaii","Nitrogen dioxide (NO2)",7.263558,46.2,2019
"1243","Hawaii","Ozone",0.028967375,0.115,2019
"1244","Hawaii","PM10 Total 0-10um STP",12.0516741666667,157,2019
"1245","Idaho","Nitrogen dioxide (NO2)",15.800819,45.3,2019
"1246","Idaho","Ozone",0.0381489375,0.068,2019
"1247","Idaho","PM10 Total 0-10um STP",16.821303,841,2019
"1248","Illinois","Nitrogen dioxide (NO2)",18.1913712142857,77.3,2019
"1249","Illinois","Ozone",0.0433615067567568,0.112,2019
"1250","Illinois","PM10 Total 0-10um STP",25.0699461428571,395,2019
"1251","Indiana","Nitrogen dioxide (NO2)",15.2788385833333,52.2,2019
"1252","Indiana","Ozone",0.0432368988095238,0.092,2019
"1253","Indiana","PM10 Total 0-10um STP",18.1406668333333,882,2019
"1254","Iowa","Nitrogen dioxide (NO2)",6.2944955,46.3,2019
"1255","Iowa","Ozone",0.04005925,0.081,2019
"1256","Iowa","PM10 Total 0-10um STP",22.0609345,500,2019
"1257","Kansas","Nitrogen dioxide (NO2)",6.9691515,45.8,2019
"1258","Kansas","Ozone",0.0420322222222222,0.101,2019
"1259","Kansas","PM10 Total 0-10um STP",17.3008847777778,494,2019
"1260","Kentucky","Nitrogen dioxide (NO2)",11.4210442857143,64.2,2019
"1261","Kentucky","Ozone",0.0438553125,0.098,2019
"1262","Kentucky","PM10 Total 0-10um STP",14.66371925,193.1,2019
"1263","Louisiana","Nitrogen dioxide (NO2)",9.91100105555556,269.2,2019
"1264","Louisiana","Ozone",0.0382613636363636,0.101,2019
"1265","Louisiana","PM10 Total 0-10um STP",16.5312974,370,2019
"1266","Maine","Nitrogen dioxide (NO2)",6.84716833333333,43.9,2019
"1267","Maine","Ozone",0.03717315,0.087,2019
"1268","Maine","PM10 Total 0-10um STP",13.8558037,418,2019
"1269","Maryland","Nitrogen dioxide (NO2)",12.88620325,58.2,2019
"1270","Maryland","Ozone",0.0465767875,0.11,2019
"1271","Maryland","PM10 Total 0-10um STP",11.865912,53,2019
"1272","Massachusetts","Nitrogen dioxide (NO2)",12.5190443636364,57,2019
"1273","Massachusetts","Ozone",0.041946765625,0.095,2019
"1274","Massachusetts","PM10 Total 0-10um STP",9.662773,52,2019
"1275","Michigan","Nitrogen dioxide (NO2)",15.2019049444444,72.2,2019
"1276","Michigan","Ozone",0.040441,0.093,2019
"1277","Michigan","PM10 Total 0-10um STP",19.2985032272727,657,2019
"1278","Minnesota","Nitrogen dioxide (NO2)",12.4119388,65.6,2019
"1279","Minnesota","Ozone",0.0371153970588235,0.088,2019
"1280","Minnesota","PM10 Total 0-10um STP",19.2459628846154,940,2019
"1281","Mississippi","Nitrogen dioxide (NO2)",7.1368615,37.9,2019
"1282","Mississippi","Ozone",0.041059525,0.092,2019
"1283","Mississippi","PM10 Total 0-10um STP",19.1481635,246.1,2019
"1284","Missouri","Nitrogen dioxide (NO2)",13.6680958333333,93.1,2019
"1285","Missouri","Ozone",0.0431523693181818,0.103,2019
"1286","Missouri","PM10 Total 0-10um STP",19.93148868,1065,2019
"1287","Montana","Nitrogen dioxide (NO2)",2.12087033333333,40.9,2019
"1288","Montana","Ozone",0.0417543928571429,0.16,2019
"1289","Montana","PM10 Total 0-10um STP",14.5724456515152,658,2019
"1290","Nebraska","Ozone",0.03850545,0.075,2019
"1291","Nebraska","PM10 Total 0-10um STP",17.9911814285714,285,2019
"1292","Nevada","Nitrogen dioxide (NO2)",21.300644875,64.4,2019
"1293","Nevada","Ozone",0.0466446304347826,0.087,2019
"1294","Nevada","PM10 Total 0-10um STP",18.8002046,1240.5,2019
"1295","New Hampshire","Nitrogen dioxide (NO2)",4.2911455,33.6,2019
"1296","New Hampshire","Ozone",0.03856675,0.087,2019
"1297","New Hampshire","PM10 Total 0-10um STP",11.6414335,187.8,2019
"1298","New Jersey","Nitrogen dioxide (NO2)",19.0101749090909,110.2,2019
"1299","New Jersey","Ozone",0.0430344264705882,0.102,2019
"1300","New Jersey","PM10 Total 0-10um STP",15.0973075,45,2019
"1301","New Mexico","Nitrogen dioxide (NO2)",9.85918786363636,67,2019
"1302","New Mexico","Ozone",0.0482462105263158,0.114,2019
"1303","New Mexico","PM10 Total 0-10um STP",25.0998083846154,7028,2019
"1304","New York","Nitrogen dioxide (NO2)",16.8933151875,67.2,2019
"1305","New York","Ozone",0.0406562109375,0.118,2019
"1306","New York","PM10 Total 0-10um STP",12.3544248333333,43,2019
"1307","North Carolina","Nitrogen dioxide (NO2)",10.6492191666667,41.9,2019
"1308","North Carolina","Ozone",0.0454480855263158,0.096,2019
"1309","North Carolina","PM10 Total 0-10um STP",12.9478802727273,302,2019
"1310","North Dakota","Nitrogen dioxide (NO2)",4.5542655,87.6,2019
"1311","North Dakota","Ozone",0.0402718,0.088,2019
"1312","North Dakota","PM10 Total 0-10um STP",8.68599705555556,330,2019
"1313","Ohio","Nitrogen dioxide (NO2)",15.188727625,78,2019
"1314","Ohio","Ozone",0.0445695196078431,0.1,2019
"1315","Ohio","PM10 Total 0-10um STP",16.3358759130435,1002,2019
"1316","Oklahoma","Nitrogen dioxide (NO2)",11.3220315,48.2,2019
"1317","Oklahoma","Ozone",0.0429814880952381,0.097,2019
"1318","Oklahoma","PM10 Total 0-10um STP",18.2037617333333,1971,2019
"1319","Oregon","Nitrogen dioxide (NO2)",12.99148575,42.5,2019
"1320","Oregon","Ozone",0.03596965,0.094,2019
"1321","Oregon","PM10 Total 0-10um STP",14.8777987727273,877,2019
"1322","Pennsylvania","Nitrogen dioxide (NO2)",10.4099515,65.4,2019
"1323","Pennsylvania","Ozone",0.0429925754716981,0.094,2019
"1324","Pennsylvania","PM10 Total 0-10um STP",15.2671402758621,340,2019
"1325","Rhode Island","Nitrogen dioxide (NO2)",13.3232126666667,63.8,2019
"1326","Rhode Island","Ozone",0.0451011666666667,0.098,2019
"1327","Rhode Island","PM10 Total 0-10um STP",11.8820393333333,41,2019
"1328","South Carolina","Nitrogen dioxide (NO2)",8.50836475,43,2019
"1329","South Carolina","Ozone",0.0432455,0.095,2019
"1330","South Carolina","PM10 Total 0-10um STP",13.535679,365,2019
"1331","South Dakota","Nitrogen dioxide (NO2)",5.42262325,62,2019
"1332","South Dakota","Ozone",0.04324925,0.085,2019
"1333","South Dakota","PM10 Total 0-10um STP",15.1870703,781,2019
"1334","Tennessee","Nitrogen dioxide (NO2)",12.434228,59,2019
"1335","Tennessee","Ozone",0.0451527717391304,0.107,2019
"1336","Tennessee","PM10 Total 0-10um STP",16.3922206363636,169,2019
"1337","Texas","Nitrogen dioxide (NO2)",10.9978267959184,79,2019
"1338","Texas","Ozone",0.0405944109589041,0.141,2019
"1339","Texas","PM10 Total 0-10um STP",21.4002265,90,2019
"1340","Utah","Nitrogen dioxide (NO2)",12.713555125,116,2019
"1341","Utah","Ozone",0.0460042424242424,0.34,2019
"1342","Utah","PM10 Total 0-10um STP",14.016868,322,2019
"1343","Vermont","Nitrogen dioxide (NO2)",10.14644725,44.7,2019
"1344","Vermont","Ozone",0.0383735833333333,0.072,2019
"1345","Vermont","PM10 Total 0-10um STP",8.34894025,53,2019
"1346","Alabama","Nitrogen dioxide (NO2)",15.342895,50.5,2020
"1347","Alabama","Ozone",0.0377699,0.084,2020
"1348","Alabama","PM10 Total 0-10um STP",17.1477014117647,314.9,2020
"1349","Alaska","Ozone",0.029502875,0.056,2020
"1350","Alaska","PM10 Total 0-10um STP",10.6573965,621,2020
"1351","Arizona","Nitrogen dioxide (NO2)",19.4997596428571,65,2020
"1352","Arizona","Ozone",0.0488940805555556,0.118,2020
"1353","Arizona","PM10 Total 0-10um STP",35.2720911923077,28161,2020
"1354","Arkansas","Nitrogen dioxide (NO2)",12.0183595,47.1,2020
"1355","Arkansas","Ozone",0.037988,0.092,2020
"1356","Arkansas","PM10 Total 0-10um STP",14.8535166666667,44,2020
"1357","California","Nitrogen dioxide (NO2)",14.4139233366337,101.6,2020
"1358","California","Ozone",0.0450616320224719,0.185,2020
"1359","California","PM10 Total 0-10um STP",34.7016581825843,19139,2020
"1360","Colorado","Nitrogen dioxide (NO2)",12.4064503,86.5,2020
"1361","Colorado","Ozone",0.0485101860465116,0.103,2020
"1362","Colorado","PM10 Total 0-10um STP",19.1076004857143,393,2020
"1363","Connecticut","Nitrogen dioxide (NO2)",15.138307375,50.2,2020
"1364","Connecticut","Ozone",0.0440631875,0.124,2020
"1365","Connecticut","PM10 Total 0-10um STP",13.80398225,380.4,2020
"1366","Delaware","Nitrogen dioxide (NO2)",14.65974,45.8,2020
"1367","Delaware","Ozone",0.0400258214285714,0.083,2020
"1368","District Of Columbia","Nitrogen dioxide (NO2)",14.422388,56.3,2020
"1369","District Of Columbia","Ozone",0.0384734166666667,0.08,2020
"1370","District Of Columbia","PM10 Total 0-10um STP",15.135009,228,2020
"1371","Florida","Nitrogen dioxide (NO2)",10.3803205454545,54.2,2020
"1372","Florida","Ozone",0.0358088940677966,0.094,2020
"1373","Florida","PM10 Total 0-10um STP",18.134711475,787,2020
"1374","Georgia","Nitrogen dioxide (NO2)",17.6704005,53,2020
"1375","Georgia","Ozone",0.036586447368421,0.086,2020
"1376","Georgia","PM10 Total 0-10um STP",14.3232533333333,194,2020
"1377","Hawaii","Nitrogen dioxide (NO2)",5.40455625,41.1,2020
"1378","Hawaii","Ozone",0.026593125,0.053,2020
"1379","Hawaii","PM10 Total 0-10um STP",11.4952881666667,626,2020
"1380","Idaho","Nitrogen dioxide (NO2)",16.9584275,53,2020
"1381","Idaho","Ozone",0.0454635,0.083,2020
"1382","Idaho","PM10 Total 0-10um STP",21.0382272666667,972,2020
"1383","Illinois","Nitrogen dioxide (NO2)",17.2821017142857,65.6,2020
"1384","Illinois","Ozone",0.0415369358974359,0.104,2020
"1385","Illinois","PM10 Total 0-10um STP",29.6727755714286,513,2020
"1386","Indiana","Nitrogen dioxide (NO2)",12.2728750625,56.3,2020
"1387","Indiana","Ozone",0.0408856923076923,0.096,2020
"1388","Indiana","PM10 Total 0-10um STP",19.1446391666667,783,2020
"1389","Iowa","Nitrogen dioxide (NO2)",5.71101525,53.1,2020
"1390","Iowa","Ozone",0.0383350625,0.076,2020
"1391","Iowa","PM10 Total 0-10um STP",24.3098244375,537,2020
"1392","Kansas","Nitrogen dioxide (NO2)",6.9400663,65.9,2020
"1393","Kansas","Ozone",0.04055175,0.135,2020
"1394","Kansas","PM10 Total 0-10um STP",21.7159850555556,2618.9,2020
"1395","Kentucky","Nitrogen dioxide (NO2)",10.3234746428571,52.4,2020
"1396","Kentucky","Ozone",0.0394561875,0.107,2020
"1397","Kentucky","PM10 Total 0-10um STP",15.0684577272727,212.6,2020
"1398","Louisiana","Nitrogen dioxide (NO2)",8.5439135,66.9,2020
"1399","Louisiana","Ozone",0.0363048402777778,0.103,2020
"1400","Louisiana","PM10 Total 0-10um STP",17.1621647,680,2020
"1401","Maine","Nitrogen dioxide (NO2)",8.90529716666667,97.1,2020
"1402","Maine","Ozone",0.03644205,0.083,2020
"1403","Maine","PM10 Total 0-10um STP",11.9249050666667,528,2020
"1404","Maryland","Nitrogen dioxide (NO2)",13.3838718333333,55.9,2020
"1405","Maryland","Ozone",0.0411935125,0.091,2020
"1406","Maryland","PM10 Total 0-10um STP",10.1753825,36,2020
"1407","Massachusetts","Nitrogen dioxide (NO2)",11.7770073181818,54,2020
"1408","Massachusetts","Ozone",0.040166890625,0.098,2020
"1409","Massachusetts","PM10 Total 0-10um STP",11.38175275,36,2020
"1410","Michigan","Nitrogen dioxide (NO2)",13.6886793888889,80,2020
"1411","Michigan","Ozone",0.0404662844827586,0.107,2020
"1412","Michigan","PM10 Total 0-10um STP",17.9840373181818,737,2020
"1413","Minnesota","Nitrogen dioxide (NO2)",10.4322711666667,55.3,2020
"1414","Minnesota","Ozone",0.0370151323529412,0.089,2020
"1415","Minnesota","PM10 Total 0-10um STP",21.9358189375,985,2020
"1416","Mississippi","Nitrogen dioxide (NO2)",6.199187,37,2020
"1417","Mississippi","Ozone",0.03757715,0.087,2020
"1418","Mississippi","PM10 Total 0-10um STP",19.4676265,216.9,2020
"1419","Missouri","Nitrogen dioxide (NO2)",12.882625,56.4,2020
"1420","Missouri","Ozone",0.0399682613636364,0.092,2020
"1421","Missouri","PM10 Total 0-10um STP",22.9036865833333,1216,2020
"1422","Montana","Nitrogen dioxide (NO2)",1.88574575,79.9,2020
"1423","Montana","Ozone",0.0424804375,0.121,2020
"1424","Montana","PM10 Total 0-10um STP",16.7235146818182,818,2020
"1425","Nebraska","Ozone",0.03680405,0.077,2020
"1426","Nebraska","PM10 Total 0-10um STP",21.0345922857143,437,2020
"1427","Nevada","Nitrogen dioxide (NO2)",23.4370328333333,63.9,2020
"1428","Nevada","Ozone",0.04686575,0.106,2020
"1429","Nevada","PM10 Total 0-10um STP",25.352126147541,2037,2020
"1430","New Hampshire","Nitrogen dioxide (NO2)",4.0314855,24.7,2020
"1431","New Hampshire","Ozone",0.0387942083333333,0.075,2020
"1432","New Hampshire","PM10 Total 0-10um STP",12.97110625,139.4,2020
"1433","New Jersey","Nitrogen dioxide (NO2)",16.9161716,91.7,2020
"1434","New Jersey","Ozone",0.0396785147058824,0.1,2020
"1435","New Jersey","PM10 Total 0-10um STP",14.8572305,47,2020
"1436","New Mexico","Nitrogen dioxide (NO2)",9.74250095454545,65,2020
"1437","New Mexico","Ozone",0.0474571315789474,0.107,2020
"1438","New Mexico","PM10 Total 0-10um STP",32.1495246829268,9983,2020
"1439","New York","Nitrogen dioxide (NO2)",16.0555303571429,76.4,2020
"1440","New York","Ozone",0.0398100172413793,0.103,2020
"1441","New York","PM10 Total 0-10um STP",11.329301,37,2020
"1442","North Carolina","Nitrogen dioxide (NO2)",8.71564071428571,71,2020
"1443","North Carolina","Ozone",0.0391067105263158,0.086,2020
"1444","North Carolina","PM10 Total 0-10um STP",11.4497398846154,315,2020
"1445","North Dakota","Nitrogen dioxide (NO2)",4.00500227777778,40.7,2020
"1446","North Dakota","Ozone",0.0394970555555556,0.071,2020
"1447","North Dakota","PM10 Total 0-10um STP",9.73634242857143,492,2020
"1448","Ohio","Nitrogen dioxide (NO2)",13.5578037142857,71,2020
"1449","Ohio","Ozone",0.0420957452830189,0.1,2020
"1450","Ohio","PM10 Total 0-10um STP",16.0322791777778,530.7,2020
"1451","Oklahoma","Nitrogen dioxide (NO2)",10.617274,48,2020
"1452","Oklahoma","Ozone",0.040685275,0.167,2020
"1453","Oklahoma","PM10 Total 0-10um STP",18.0597623571429,1390,2020
"1454","Oregon","Nitrogen dioxide (NO2)",10.5252348333333,42.2,2020
"1455","Oregon","Ozone",0.0366017954545455,0.098,2020
"1456","Oregon","PM10 Total 0-10um STP",19.8274136666667,1273.5,2020
"1457","Pennsylvania","Nitrogen dioxide (NO2)",10.2534850789474,59.2,2020
"1458","Pennsylvania","Ozone",0.0406632692307692,0.094,2020
"1459","Pennsylvania","PM10 Total 0-10um STP",14.4733885483871,421,2020
"1460","Rhode Island","Nitrogen dioxide (NO2)",11.7944273333333,52.9,2020
"1461","Rhode Island","Ozone",0.0419544375,0.103,2020
"1462","Rhode Island","PM10 Total 0-10um STP",10.4617423333333,33,2020
"1463","South Carolina","Nitrogen dioxide (NO2)",7.3693549,38,2020
"1464","South Carolina","Ozone",0.037092734375,0.079,2020
"1465","South Carolina","PM10 Total 0-10um STP",13.7756005,291,2020
"1466","South Dakota","Nitrogen dioxide (NO2)",5.440151,42.3,2020
"1467","South Dakota","Ozone",0.0423655,0.115,2020
"1468","South Dakota","PM10 Total 0-10um STP",19.9428809444444,745,2020
"1469","Tennessee","Nitrogen dioxide (NO2)",11.308906875,54,2020
"1470","Tennessee","Ozone",0.0394877608695652,0.077,2020
"1471","Tennessee","PM10 Total 0-10um STP",15.566587125,198,2020
"1472","Texas","Nitrogen dioxide (NO2)",10.071396125,78.8,2020
"1473","Texas","Ozone",0.03938714,0.123,2020
"1474","Texas","PM10 Total 0-10um STP",30.5356170689655,320,2020
"1475","Utah","Nitrogen dioxide (NO2)",12.1088729375,81.4,2020
"1476","Utah","Ozone",0.0457195583333333,0.104,2020
"1477","Utah","PM10 Total 0-10um STP",24.3157971666667,266,2020
"1478","Vermont","Nitrogen dioxide (NO2)",8.469929,37.7,2020
"1479","Vermont","Ozone",0.03868375,0.062,2020
"1480","Vermont","PM10 Total 0-10um STP",7.953382,30,2020
"1481","Alabama","Nitrogen dioxide (NO2)",14.844642,52.1,2021
"1482","Alabama","Ozone",0.0388044125,0.105,2021
"1483","Alabama","PM10 Total 0-10um STP",17.1252414117647,943.3,2021
"1484","Alaska","Ozone",0.028005625,0.064,2021
"1485","Alaska","PM10 Total 0-10um STP",11.6803730714286,850,2021
"1486","Arizona","Nitrogen dioxide (NO2)",20.695848,65,2021
"1487","Arizona","Ozone",0.0503536424418605,0.135,2021
"1488","Arizona","PM10 Total 0-10um STP",33.1445124174312,4712,2021
"1489","Arkansas","Nitrogen dioxide (NO2)",12.37378725,57.2,2021
"1490","Arkansas","Ozone",0.04122846875,0.088,2021
"1491","Arkansas","PM10 Total 0-10um STP",15.6412566666667,37,2021
"1492","California","Nitrogen dioxide (NO2)",13.8763456081081,91.5,2021
"1493","California","Ozone",0.0448527371428571,0.148,2021
"1494","California","PM10 Total 0-10um STP",28.7325570173913,35585,2021
"1495","Colorado","Nitrogen dioxide (NO2)",12.3794907333333,80.7,2021
"1496","Colorado","Ozone",0.0510645548780488,0.146,2021
"1497","Colorado","PM10 Total 0-10um STP",21.9977445517241,680,2021
"1498","Connecticut","Nitrogen dioxide (NO2)",15.433778875,74.5,2021
"1499","Connecticut","Ozone",0.0437117916666667,0.136,2021
"1500","Connecticut","PM10 Total 0-10um STP",14.47568035,823.1,2021
"1501","Delaware","Nitrogen dioxide (NO2)",14.4828015,50.7,2021
"1502","Delaware","Ozone",0.0425933571428571,0.083,2021
"1503","District Of Columbia","Nitrogen dioxide (NO2)",16.4955495,82.1,2021
"1504","District Of Columbia","Ozone",0.0426181666666667,0.094,2021
"1505","District Of Columbia","PM10 Total 0-10um STP",16.0303705,312,2021
"1506","Florida","Nitrogen dioxide (NO2)",12.1227958076923,94.8,2021
"1507","Florida","Ozone",0.0364851949152542,0.088,2021
"1508","Florida","PM10 Total 0-10um STP",17.7268910714286,312.4,2021
"1509","Georgia","Nitrogen dioxide (NO2)",17.879875375,58.2,2021
"1510","Georgia","Ozone",0.0396656710526316,0.093,2021
"1511","Georgia","PM10 Total 0-10um STP",16.742830375,325,2021
"1512","Hawaii","Nitrogen dioxide (NO2)",4.673481,29.5,2021
"1513","Hawaii","Ozone",0.02728075,0.067,2021
"1514","Hawaii","PM10 Total 0-10um STP",11.4236861666667,286,2021
"1515","Idaho","Nitrogen dioxide (NO2)",17.8332155,58.6,2021
"1516","Idaho","Ozone",0.0482491666666667,0.09,2021
"1517","Idaho","PM10 Total 0-10um STP",24.02619140625,782,2021
"1518","Illinois","Nitrogen dioxide (NO2)",17.247420875,69.1,2021
"1519","Illinois","Ozone",0.04341575,0.114,2021
"1520","Illinois","PM10 Total 0-10um STP",28.9242117142857,627,2021
"1521","Indiana","Nitrogen dioxide (NO2)",12.9103783,64.7,2021
"1522","Indiana","Ozone",0.0427069743589744,0.096,2021
"1523","Indiana","PM10 Total 0-10um STP",20.0909227222222,619,2021
"1524","Iowa","Nitrogen dioxide (NO2)",5.6562465,47.1,2021
"1525","Iowa","Ozone",0.0417120520833333,0.075,2021
"1526","Iowa","PM10 Total 0-10um STP",24.521103125,724,2021
"1527","Kansas","Nitrogen dioxide (NO2)",7.3092479,315.3,2021
"1528","Kansas","Ozone",0.0436023888888889,0.094,2021
"1529","Kansas","PM10 Total 0-10um STP",24.802983,4204.6,2021
"1530","Kentucky","Nitrogen dioxide (NO2)",11.4065418571429,57.7,2021
"1531","Kentucky","Ozone",0.0413967946428571,0.106,2021
"1532","Kentucky","PM10 Total 0-10um STP",16.3458762,283.7,2021
"1533","Louisiana","Nitrogen dioxide (NO2)",8.66302383333333,49.8,2021
"1534","Louisiana","Ozone",0.0370174431818182,0.112,2021
"1535","Louisiana","PM10 Total 0-10um STP",16.9673686,422,2021
"1536","Maine","Nitrogen dioxide (NO2)",7.28907,40.2,2021
"1537","Maine","Ozone",0.03675585,0.144,2021
"1538","Maine","PM10 Total 0-10um STP",13.2446314166667,772,2021
"1539","Maryland","Nitrogen dioxide (NO2)",14.7191414166667,58.6,2021
"1540","Maryland","Ozone",0.0448155875,0.103,2021
"1541","Maryland","PM10 Total 0-10um STP",10.8669935,40,2021
"1542","Massachusetts","Nitrogen dioxide (NO2)",11.0553838181818,53,2021
"1543","Massachusetts","Ozone",0.0401089264705882,0.092,2021
"1544","Massachusetts","PM10 Total 0-10um STP",14.07033125,44,2021
"1545","Michigan","Nitrogen dioxide (NO2)",14.74771165,79.9,2021
"1546","Michigan","Ozone",0.0423475344827586,0.1,2021
"1547","Michigan","PM10 Total 0-10um STP",21.29389792,510,2021
"1548","Minnesota","Nitrogen dioxide (NO2)",11.3454966428571,53.2,2021
"1549","Minnesota","Ozone",0.0400194558823529,0.088,2021
"1550","Minnesota","PM10 Total 0-10um STP",22.597492125,592,2021
"1551","Mississippi","Nitrogen dioxide (NO2)",6.437703,33,2021
"1552","Mississippi","Ozone",0.038962225,0.084,2021
"1553","Mississippi","PM10 Total 0-10um STP",19.7984965,169.9,2021
"1554","Missouri","Nitrogen dioxide (NO2)",13.2861295833333,63.3,2021
"1555","Missouri","Ozone",0.0424913693181818,0.115,2021
"1556","Missouri","PM10 Total 0-10um STP",24.33177195,1301,2021
"1557","Montana","Nitrogen dioxide (NO2)",2.14072416666667,33.9,2021
"1558","Montana","Ozone",0.04655915625,0.179,2021
"1559","Montana","PM10 Total 0-10um STP",19.0969038636364,762,2021
"1560","Nebraska","Ozone",0.0417273125,0.102,2021
"1561","Nebraska","PM10 Total 0-10um STP",22.483072,827,2021
"1562","Nevada","Nitrogen dioxide (NO2)",22.0078376428571,87.4,2021
"1563","Nevada","Ozone",0.048181046875,0.104,2021
"1564","Nevada","PM10 Total 0-10um STP",26.5865482205882,1194.2,2021
"1565","New Hampshire","Nitrogen dioxide (NO2)",5.21848,29,2021
"1566","New Hampshire","Ozone",0.0397919285714286,0.094,2021
"1567","New Hampshire","PM10 Total 0-10um STP",13.3880465,258.6,2021
"1568","New Jersey","Nitrogen dioxide (NO2)",17.5714591,84,2021
"1569","New Jersey","Ozone",0.0415690147058824,0.11,2021
"1570","New Jersey","PM10 Total 0-10um STP",17.459553,55,2021
"1571","New Mexico","Nitrogen dioxide (NO2)",9.74406840909091,61,2021
"1572","New Mexico","Ozone",0.0485807631578947,0.108,2021
"1573","New Mexico","PM10 Total 0-10um STP",33.53853284,7208,2021
"1574","New York","Nitrogen dioxide (NO2)",15.509323125,77.4,2021
"1575","New York","Ozone",0.0406776583333333,0.113,2021
"1576","New York","PM10 Total 0-10um STP",13.1530962,49,2021
"1577","North Carolina","Nitrogen dioxide (NO2)",9.3766338125,46,2021
"1578","North Carolina","Ozone",0.0426878486842105,0.098,2021
"1579","North Carolina","PM10 Total 0-10um STP",13.0782584074074,469,2021
"1580","North Dakota","Nitrogen dioxide (NO2)",4.33078183333333,48.9,2021
"1581","North Dakota","Ozone",0.04334725,0.087,2021
"1582","North Dakota","PM10 Total 0-10um STP",15.3687665,369.7,2021
"1583","Ohio","Nitrogen dioxide (NO2)",14.410705,67,2021
"1584","Ohio","Ozone",0.0432536875,0.099,2021
"1585","Ohio","PM10 Total 0-10um STP",18.1267798888889,1999.7,2021
"1586","Oklahoma","Nitrogen dioxide (NO2)",11.700772875,63,2021
"1587","Oklahoma","Ozone",0.04391165,0.101,2021
"1588","Oklahoma","PM10 Total 0-10um STP",20.1136044285714,446.5,2021
"1589","Oregon","Nitrogen dioxide (NO2)",11.6331985,37.9,2021
"1590","Oregon","Ozone",0.0405889,0.11,2021
"1591","Oregon","PM10 Total 0-10um STP",14.5981532,587,2021
"1592","Pennsylvania","Nitrogen dioxide (NO2)",10.8664232105263,69,2021
"1593","Pennsylvania","Ozone",0.0417306435185185,0.104,2021
"1594","Pennsylvania","PM10 Total 0-10um STP",16.2478708518519,432.9,2021
"1595","Rhode Island","Nitrogen dioxide (NO2)",13.189021,49.2,2021
"1596","Rhode Island","Ozone",0.0423035,0.096,2021
"1597","Rhode Island","PM10 Total 0-10um STP",11.5386263333333,32,2021
"1598","South Carolina","Nitrogen dioxide (NO2)",8.3685938,45,2021
"1599","South Carolina","Ozone",0.0404475166666667,0.084,2021
"1600","South Carolina","PM10 Total 0-10um STP",15.4090918333333,759,2021
"1601","South Dakota","Nitrogen dioxide (NO2)",6.9286962,42.2,2021
"1602","South Dakota","Ozone",0.0427694375,0.095,2021
"1603","South Dakota","PM10 Total 0-10um STP",21.03375435,820,2021
"1604","Tennessee","Nitrogen dioxide (NO2)",10.5810568,63,2021
"1605","Tennessee","Ozone",0.0422378152173913,0.095,2021
"1606","Tennessee","PM10 Total 0-10um STP",18.347600125,200,2021
"1607","Texas","Nitrogen dioxide (NO2)",10.6230367075472,92.3,2021
"1608","Texas","Ozone",0.0403219366666667,0.13,2021
"1609","Texas","PM10 Total 0-10um STP",28.6264068518519,751,2021
"1610","Utah","Nitrogen dioxide (NO2)",10.7951327962963,72.9,2021
"1611","Utah","Ozone",0.0474813203125,0.112,2021
"1612","Utah","PM10 Total 0-10um STP",17.0703515714286,165,2021
"1613","Vermont","Nitrogen dioxide (NO2)",8.501739,40.1,2021
"1614","Vermont","Ozone",0.0375064166666667,0.071,2021
"1615","Vermont","PM10 Total 0-10um STP",8.67354033333333,44,2021
